CREATE DATABASE  IF NOT EXISTS `pharma` /*!40100 DEFAULT CHARACTER SET utf8mb3 */ /*!80016 DEFAULT ENCRYPTION='N' */;
USE `pharma`;
-- MySQL dump 10.13  Distrib 8.0.31, for macos12 (x86_64)
--
-- Host: localhost    Database: pharma
-- ------------------------------------------------------
-- Server version	8.0.32

/*!40101 SET @OLD_CHARACTER_SET_CLIENT=@@CHARACTER_SET_CLIENT */;
/*!40101 SET @OLD_CHARACTER_SET_RESULTS=@@CHARACTER_SET_RESULTS */;
/*!40101 SET @OLD_COLLATION_CONNECTION=@@COLLATION_CONNECTION */;
/*!50503 SET NAMES utf8 */;
/*!40103 SET @OLD_TIME_ZONE=@@TIME_ZONE */;
/*!40103 SET TIME_ZONE='+00:00' */;
/*!40014 SET @OLD_UNIQUE_CHECKS=@@UNIQUE_CHECKS, UNIQUE_CHECKS=0 */;
/*!40014 SET @OLD_FOREIGN_KEY_CHECKS=@@FOREIGN_KEY_CHECKS, FOREIGN_KEY_CHECKS=0 */;
/*!40101 SET @OLD_SQL_MODE=@@SQL_MODE, SQL_MODE='NO_AUTO_VALUE_ON_ZERO' */;
/*!40111 SET @OLD_SQL_NOTES=@@SQL_NOTES, SQL_NOTES=0 */;

--
-- Table structure for table `cart`
--

DROP TABLE IF EXISTS `cart`;
/*!40101 SET @saved_cs_client     = @@character_set_client */;
/*!50503 SET character_set_client = utf8mb4 */;
CREATE TABLE `cart` (
  `cart_id` int NOT NULL AUTO_INCREMENT,
  `patient_ID` int NOT NULL,
  `medicine_name` varchar(100) NOT NULL,
  `quantity` int NOT NULL,
  `status` enum('active','inactive') NOT NULL DEFAULT 'active',
  PRIMARY KEY (`cart_id`),
  UNIQUE KEY `patient_ID` (`patient_ID`,`medicine_name`),
  KEY `medicine_name` (`medicine_name`),
  CONSTRAINT `cart_ibfk_1` FOREIGN KEY (`patient_ID`) REFERENCES `patients` (`patient_ID`),
  CONSTRAINT `cart_ibfk_2` FOREIGN KEY (`medicine_name`) REFERENCES `medicines` (`medicine_name`)
) ENGINE=InnoDB DEFAULT CHARSET=utf8mb4 COLLATE=utf8mb4_0900_ai_ci;
/*!40101 SET character_set_client = @saved_cs_client */;

--
-- Dumping data for table `cart`
--

LOCK TABLES `cart` WRITE;
/*!40000 ALTER TABLE `cart` DISABLE KEYS */;
/*!40000 ALTER TABLE `cart` ENABLE KEYS */;
UNLOCK TABLES;

--
-- Table structure for table `doctors`
--

DROP TABLE IF EXISTS `doctors`;
/*!40101 SET @saved_cs_client     = @@character_set_client */;
/*!50503 SET character_set_client = utf8mb4 */;
CREATE TABLE `doctors` (
  `doctor_ID` int NOT NULL,
  `name` varchar(20) NOT NULL,
  `medical_field` varchar(20) NOT NULL,
  `contact_number` char(10) DEFAULT NULL,
  `street_address` varchar(100) NOT NULL,
  `locality` varchar(100) NOT NULL,
  `city` varchar(100) NOT NULL,
  `state` varchar(100) NOT NULL,
  `address` varchar(200) GENERATED ALWAYS AS (concat(`street_address`,_utf8mb4', ',`locality`,_utf8mb4', ',`city`,_utf8mb4', ',`state`)) VIRTUAL NOT NULL,
  `password` char(20) DEFAULT NULL,
  PRIMARY KEY (`doctor_ID`),
  KEY `dk` (`doctor_ID`)
) ENGINE=InnoDB DEFAULT CHARSET=utf8mb4 COLLATE=utf8mb4_0900_ai_ci;
/*!40101 SET character_set_client = @saved_cs_client */;

--
-- Dumping data for table `doctors`
--

LOCK TABLES `doctors` WRITE;
/*!40000 ALTER TABLE `doctors` DISABLE KEYS */;
INSERT INTO `doctors` (`doctor_ID`, `name`, `medical_field`, `contact_number`, `street_address`, `locality`, `city`, `state`, `password`) VALUES (1,'Ricki Coils','Gastroenterologist','8505894846','0 Morningstar Crossing','Bawana','Pensacola','Florida','pU63ct9nn'),(2,'Norman Bailes','Cardiologist','4252918612','6 Declaration Crossing','Pitam Pura','Everett','Washington','EWIqCTj0Q'),(3,'Merla Altham','Anesthesiologist','5187692274','5 Summerview Way','Kohat Enclave','Albany','New York','4FDQVCXOWhZ'),(4,'Chauncey Tulleth','Psychiatrist','2064138941','01730 Waywood Place','Rithala','Tacoma','Washington','CUbKgrd5BsBm'),(5,'Missy Thoumas','Pulmonologist','7133546123','46865 La Follette Parkway','Bawana','Spring','Texas','Eoun5BokDvHV'),(6,'Corbett Trudgian','Podiatrist','2144375707','0 Bunting Plaza','Dhaka','Dallas','Texas','LPh9H1PS'),(7,'Illa Tutchings','Radiologist','4107488634','11 Tomscot Street','Karala','Ridgely','Maryland','61vlw5tpTAx'),(8,'Page Spurdens','Urologist','2601765751','46594 Anderson Road','Keshav Puram','Fort Wayne','Indiana','UacGj0BMg4g'),(9,'Kristin Siddele','Anesthesiologist','2022633259','63472 Mesta Lane','Narela','Washington','District of Columbia','RXYhB8vNjYbo'),(10,'Maryjo Greenaway','General Practitioner','7047015829','66857 Becker Point','Keshav Puram','Charlotte','North Carolina','Pppxt9eq'),(11,'Emery Aronovich','Oncologist','4155600241','84224 Hooker Terrace','Narela','San Francisco','California','YlvmHT4h'),(12,'Lynde A\'field','Rheumatologist','2608918826','546 Sheridan Crossing','Shalimar Bagh','Fort Wayne','Indiana','WMQK1vyEul'),(13,'Celestyn Kits','Gynecologist','2286206158','907 Sunbrook Junction','Ashok Vihar','Biloxi','Mississippi','qVskD07'),(14,'Willa Charlewood','Surgeon','8044313286','2433 Warbler Pass','Karala','Richmond','Virginia','1IK9DGUfGJ'),(15,'Charmaine Ludvigsen','Pulmonologist','8047068701','6052 Spenser Road','Kohat Enclave','Richmond','Virginia','FLa6UUJGpHK0'),(16,'Becky Leirmonth','Orthopedist','4082642519','6 Emmet Street','Narela','San Jose','California','OtdoPt'),(17,'Bird Wadge','Rheumatologist','4045287622','73 Boyd Hill','Adarsh Nagar','Atlanta','Georgia','pxvAweiP4k6'),(18,'Christophe Gallimore','Nephrologist','8132731806','17 4th Park','Azadpur','Tampa','Florida','qW1tvrw'),(19,'Brandon Cops','Ophthalmologist','2024796037','349 Cherokee Center','Jahangirpuri','Washington','District of Columbia','LvN4v2JZW6V'),(20,'Phelia Bramo','Pediatrician','2022288671','52 Dorton Drive','Pitam Pura','Washington','District of Columbia','uObUf5gWQS'),(21,'Lorin Farrans','Orthopedist','2814014204','00 Hudson Avenue','Rohini Sub City','Houston','Texas','E1ANs6XY'),(22,'Willetta Sobieski','Radiologist','2401902565','885 Cordelia Park','Rani Bagh','Rockville','Maryland','Msswsm3o'),(23,'Benita Broinlich','Nephrologist','6467022928','150 Kim Street','Ashok Vihar','New York City','New York','ZsRFDdV'),(24,'Burch Hallihan','Nephrologist','5023803836','1697 Elka Court','Rithala','Migrate','Kentucky','f1WHZtPN'),(25,'Reina Kettoe','Podiatrist','5016477984','44544 David Terrace','Kingsway Camp','Little Rock','Arkansas','VoWzk4iO'),(26,'Carmelia Caldecutt','Pulmonologist','2132855442','82 Eggendart Alley','Ashok Vihar','Los Angeles','California','zMSgMx'),(27,'Dyna Thirlwall','Allergist','9156861659','6 Vermont Avenue','Begum Pur','El Paso','Texas','iVvTI3o'),(28,'Huntley Pepye','Radiologist','2259805231','03 Basil Plaza','Narela','Baton Rouge','Louisiana','1C7Pc3Gno'),(29,'Tabor Salmons','Urologist','9074708624','7049 Mariners Cove Center','Dhaka','Juneau','Alaska','GDBpuxFPf'),(30,'Freddie Born','Rheumatologist','9513832508','30 Forster Alley','Pitam Pura','Riverside','California','j9WIdoVmGiA'),(31,'Jerrold Poyntz','Allergist','8134008699','57222 Northwestern Park','Rani Bagh','Tampa','Florida','ZZvleWitcS'),(32,'Davey Savege','Orthopedist','2176667226','56620 Lillian Avenue','Jahangirpuri','Springfield','Illinois','9dbI5o'),(33,'Indira Voaden','Orthopedist','7199066096','60666 Barby Lane','Narela','Colorado Springs','Colorado','CnFLNX'),(34,'Minerva Gubbin','Neurologist','2153211564','0883 Algoma Point','Jahangirpuri','Philadelphia','Pennsylvania','7VXuKfVx'),(35,'Marsha Fritschmann','Pediatrician','9201554778','7 Havey Pass','Jahangirpuri','Green Bay','Wisconsin','ptGaVBD3se'),(36,'Germana Vittery','Psychiatrist','7025867672','29 High Crossing Crossing','Pitam Pura','Las Vegas','Nevada','ty4pLJP'),(37,'Bev Denyer','Endocrinologist','2034636382','3 Brentwood Street','Rani Bagh','Bridgeport','Connecticut','ueei6OIAY'),(38,'Edgardo Buckner','Pediatrician','6178277097','7 Pearson Plaza','Rani Bagh','Boston','Massachusetts','EBkeJ0nVhy'),(39,'Donavon Bridgeland','Anesthesiologist','3152325283','8032 Stang Avenue','Rithala','Syracuse','New York','afEtyjKnx7'),(40,'Morris Bines','Orthopedist','2177853131','62703 Manley Avenue','Kingsway Camp','Springfield','Illinois','HhC3g2O'),(41,'Osbert Simonitto','Urologist','7013758268','24 Superior Trail','Model Town','Fargo','North Dakota','EA1RIZ'),(42,'Harrie Mowett','Surgeon','7194030394','889 Magdeline Court','Adarsh Nagar','Colorado Springs','Colorado','jbcKEQ4hQ'),(43,'Larine Wigan','Allergist','5123018937','0 Weeping Birch Place','Narela','Austin','Texas','PffacL2'),(44,'Brander Cassy','Gastroenterologist','2159755466','63255 Coleman Point','Rohini Sub City','Philadelphia','Pennsylvania','oWN3jgBU8'),(45,'Hayden Sanson','Neurologist','4084303517','0 Petterle Way','Pitam Pura','San Jose','California','p0YfSy'),(46,'Lelah Mascall','Cardiologist','8321735036','63 Trailsway Circle','Kingsway Camp','Houston','Texas','Qb4ipR0xm'),(47,'Addi Dobbings','Dermatologist','6144562151','33 Lotheville Way','Model Town','Columbus','Ohio','DVsGRVG1'),(48,'Junette Vasilyonok','Psychiatrist','5043399837','76757 Sloan Circle','Rohini Sub City','New Orleans','Louisiana','6kzM3w'),(49,'Libbi Gregori','Pediatrician','7209611659','1015 Kensington Center','Jahangirpuri','Denver','Colorado','fqQU2CG2'),(50,'Bobina Winear','Urologist','4237876252','2 Northfield Lane','Kingsway Camp','Chattanooga','Tennessee','xGJRIOi'),(51,'Carina Stutt','Pediatrician','5035090208','59 Daystar Street','Rani Bagh','Portland','Oregon','wMbYtO28'),(52,'Hi Grindlay','Allergist','6025831255','188 Hayes Hill','Ashok Vihar','Glendale','Arizona','crpRTtUl'),(53,'Zonnya Trousdale','Gastroenterologist','8602146359','5607 East Hill','Rani Bagh','Hartford','Connecticut','eqMSk73TOMqu'),(54,'Georgetta Harragin','Cardiologist','9168795206','40273 American Park','Begum Pur','Sacramento','California','EfCqFxH'),(55,'Margalo Rickards','Rheumatologist','5158422519','90 Dunning Circle','Keshav Puram','Des Moines','Iowa','No5rjn1QKqd'),(56,'Wendell Spittle','Podiatrist','4057276133','2 Holmberg Point','Karala','Oklahoma City','Oklahoma','lNbJtZ9dZ8Ef'),(57,'Charil Rainville','Radiologist','2539433097','7 Summer Ridge Road','Ashok Vihar','Seattle','Washington','BRZed4'),(58,'Mead Casassa','Gastroenterologist','3135866499','8 Sauthoff Hill','Kingsway Camp','Detroit','Michigan','IMkT5bl12JX'),(59,'Arabella Dudden','Dermatologist','3049914371','432 Emmet Street','Keshav Puram','Charleston','West Virginia','ix9ehuUTDr'),(60,'Diannne Harry','Nephrologist','7864212871','7 Buhler Crossing','Model Town','Miami','Florida','QjqaTSL'),(61,'Rey Gauler','Rheumatologist','6462923630','524 Arapahoe Terrace','Kingsway Camp','New York City','New York','VAEqZUek1'),(62,'Lionel Kryzhov','Pulmonologist','8147108638','968 Emmet Point','Keshav Puram','Erie','Pennsylvania','FZNlbx'),(63,'Pooh Ruddiman','Psychiatrist','5205609217','8 Glacier Hill Hill','Keshav Puram','Tucson','Arizona','jAMs25i0'),(64,'Malissia Siely','Gynecologist','8433785932','3 Heffernan Point','Adarsh Nagar','Charleston','South Carolina','PEi0tjdCYgvO'),(65,'Aldric Goodall','Gynecologist','4058050311','55127 Paget Street','Kingsway Camp','Oklahoma City','Oklahoma','FEOkJTLKr'),(66,'Rawley Antonioni','Surgeon','5041294645','2 Pearson Street','Rithala','New Orleans','Louisiana','oiC1fs'),(67,'Kermie Jorio','Nephrologist','7036689514','27041 Anthes Circle','Shalimar Bagh','Washington','District of Columbia','DyShBu'),(68,'Bette-ann Vaggers','Gastroenterologist','7125514808','0606 Mallory Alley','Bawana','Omaha','Nebraska','A1ISVOuLO'),(69,'Saleem Lippo','Endocrinologist','4081459850','6927 Sommers Place','Rohini Sub City','San Jose','California','bT9FrM'),(70,'Mikael Buske','Rheumatologist','4107494357','18495 Oakridge Terrace','Begum Pur','Baltimore','Maryland','E7XlDn'),(71,'Laurie Igounet','Ophthalmologist','2146635671','945 Maryland Trail','Rithala','Dallas','Texas','lSb6NFfOTZ'),(72,'Worth Simonot','Psychiatrist','2568311323','46 Ryan Alley','Model Town','Huntsville','Alabama','48AUAFDc7'),(73,'Vernen Martins','Nephrologist','6165565144','89115 Kingsford Street','Model Town','Grand Rapids','Michigan','4ZdvKrqa'),(74,'Marisa Featenby','Ophthalmologist','6159415374','436 Forest Run Place','Kohat Enclave','Nashville','Tennessee','GAMw01EW4'),(75,'Riley Lohoar','General Practitioner','9155357077','8 Northport Way','Rani Bagh','El Paso','Texas','iZRLrHCidD'),(76,'Gwenora Orchart','Gynecologist','4086192071','94 Division Alley','Azadpur','Santa Clara','California','Nu6w7BR'),(77,'Abdel Durbin','General Practitioner','8176958220','4 Kim Crossing','Adarsh Nagar','Arlington','Texas','UiQIVG3kfXx'),(78,'Aldus Phelips','Ophthalmologist','8013590673','463 Annamark Road','Begum Pur','Salt Lake City','Utah','iThdlAxwflbH'),(79,'Laura Thompson','Podiatrist','7019556903','728 Kenwood Terrace','Model Town','Grand Forks','North Dakota','RkjHLVgRgfah'),(80,'Roberto Chitty','Radiologist','5205809532','63758 Carberry Junction','Azadpur','Tucson','Arizona','7WMJcWH1l'),(81,'Lamar Lazar','Dermatologist','5134291790','8 Lien Pass','Pitam Pura','Cincinnati','Ohio','9DOU0xTgftcb'),(82,'Georgetta Possek','Endocrinologist','2405396522','521 Merchant Park','Pitam Pura','Bowie','Maryland','7Rwr4J'),(83,'Kevan Mathe','General Practitioner','2038167006','6289 Homewood Crossing','Begum Pur','Stamford','Connecticut','2hasNymBE'),(84,'Rosemonde Rickford','Cardiologist','3127773918','7 Marquette Alley','Dhaka','Chicago','Illinois','dwpZO7c2tlhS'),(85,'Dag Bussetti','Surgeon','8016769144','654 Bashford Pass','Azadpur','Salt Lake City','Utah','GjU7TCW7IZe'),(86,'Jeanne Palfery','Pediatrician','5091928454','490 Linden Circle','Rani Bagh','Spokane','Washington','aAQPB62z'),(87,'Barb Shuttleworth','Dermatologist','6147509039','7318 Nelson Avenue','Rithala','Columbus','Ohio','9dIvDxtQ5TR'),(88,'Fidelity Kirckman','Urologist','3307796558','05 Elgar Hill','Kohat Enclave','Youngstown','Ohio','XwTdh3hD'),(89,'Min Walden','Cardiologist','3251646123','0324 Portage Drive','Rithala','Abilene','Texas','hlL0nHK934B'),(90,'Nesta Culham','Radiologist','2511268676','99 Loeprich Plaza','Ashok Vihar','Mobile','Alabama','7MMG0eg7JQpO'),(91,'Frants Gunderson','Rheumatologist','2516627164','0 Bowman Hill','Kohat Enclave','Mobile','Alabama','k2kSm34vi2'),(92,'Aigneis Cordaroy','Gynecologist','7574031879','80149 Gateway Trail','Kingsway Camp','Virginia Beach','Virginia','esb3EDT6mwg'),(93,'Rivalee Varney','Rheumatologist','7029050805','595 Sauthoff Plaza','Bawana','Las Vegas','Nevada','nbRxSx'),(94,'Ricard Marchi','Nephrologist','3342114014','31800 Florence Avenue','Ashok Vihar','Montgomery','Alabama','HMNd7JJM'),(95,'Megen Haylor','Rheumatologist','3187936775','98077 Pine View Place','Rithala','Shreveport','Louisiana','xcdFXqFNfz'),(96,'Candida Lembrick','Dermatologist','6127696019','1797 Bay Parkway','Rohini Sub City','Saint Paul','Minnesota','N0LjeH01Bw'),(97,'Benny Elrick','Surgeon','7023912031','91167 Sunnyside Trail','Kohat Enclave','Las Vegas','Nevada','Xg2s8kihFYBs'),(98,'Mignon Joris','General Practitioner','9077435456','129 Lerdahl Avenue','Begum Pur','Juneau','Alaska','DWJ8HgU'),(99,'Maren McBeith','Gastroenterologist','7041991842','864 Magdeline Circle','Bawana','Charlotte','North Carolina','7me9LwxJK'),(100,'Cynthea Tubby','General Practitioner','2125417873','3862 Birchwood Pass','Rani Bagh','Brooklyn','New York','bY7GZp'),(101,'Irma Clausewitz','Nephrologist','5164598200','17 Ludington Lane','Shalimar Bagh','Great Neck','New York','4TXmi32'),(102,'Druci Matterdace','Podiatrist','5748657517','859 Clarendon Crossing','Rithala','South Bend','Indiana','IQefeFotGgW'),(103,'Mildred Jemison','Allergist','8135114485','45 New Castle Way','Jahangirpuri','Zephyrhills','Florida','yDezKxb'),(104,'Joana Jozefowicz','Orthopedist','5633372744','9 Maywood Junction','Adarsh Nagar','Davenport','Iowa','879cpcCKh'),(105,'Shoshanna Darrigone','Nephrologist','2541041900','78324 Goodland Alley','Rani Bagh','Killeen','Texas','jZIPpVonNH'),(106,'Gardiner Debling','Allergist','5717866205','742 Kensington Drive','Rithala','Arlington','Virginia','1DqRm4XT'),(107,'Howie Marsham','Orthopedist','3619837813','4 Raven Road','Kingsway Camp','Corpus Christi','Texas','OYlUeaH34'),(108,'Herrick Cohalan','Gastroenterologist','9185607817','864 Randy Terrace','Dhaka','Tulsa','Oklahoma','HVq42mpNAg'),(109,'Delcina Klulicek','Neurologist','7853899846','4 South Park','Kingsway Camp','Topeka','Kansas','ah36akG'),(110,'Eddy Banner','Dermatologist','9017434893','93 Moland Park','Dhaka','Memphis','Tennessee','KkEut9IO'),(111,'Ardelia Willcock','Pulmonologist','3103164378','05735 Kensington Park','Rani Bagh','Inglewood','California','G0EbJk3Z5'),(112,'Dodie Trueman','Radiologist','8013872922','78 Hanson Pass','Rohini Sub City','Salt Lake City','Utah','w85ERj'),(113,'Aurie Aspling','Nephrologist','6191549712','031 Laurel Place','Adarsh Nagar','Chula Vista','California','woFk84BfLv'),(114,'Elijah Bellerby','Oncologist','5162478796','81172 Green Ridge Lane','Begum Pur','Hicksville','New York','MrhjaYAxVzr'),(115,'Josi Oloshin','Pulmonologist','4152562135','3668 Vernon Way','Adarsh Nagar','San Francisco','California','HAEuHF44F'),(116,'Amby Tripony','Rheumatologist','6517153612','20 Sunfield Court','Begum Pur','Saint Paul','Minnesota','UO9l1ki'),(117,'Caldwell Hales','Gynecologist','5059331558','0 Sutherland Lane','Rithala','Albuquerque','New Mexico','J0CBkKnlqM'),(118,'Rudiger Gullam','Pediatrician','5021406746','200 Boyd Alley','Pitam Pura','Louisville','Kentucky','9G3mPAo2s3'),(119,'Willa Hurrell','Pediatrician','2057236210','8374 Logan Crossing','Rithala','Birmingham','Alabama','zADYTTqK'),(120,'Ferrel Renfree','Oncologist','5619396859','26 Grim Street','Kingsway Camp','West Palm Beach','Florida','T1FXcELpBUkx'),(121,'Sib Devany','Surgeon','2134793696','22053 Claremont Plaza','Keshav Puram','Los Angeles','California','DfpQPKazwpVw'),(122,'Aveline Really','Anesthesiologist','9097304660','19475 Michigan Place','Karala','San Bernardino','California','3n6h4p'),(123,'Linc MacGuiness','Pediatrician','3169706859','96 Portage Junction','Shalimar Bagh','Wichita','Kansas','Cvt0uPmkg0d'),(124,'Salim Petroulis','Ophthalmologist','6144413033','28046 Valley Edge Road','Rithala','Columbus','Ohio','jlggqtXjFQwr'),(125,'Karyl Dumphry','Radiologist','7577086849','4 Tennessee Park','Rithala','Herndon','Virginia','zAx0cBVa'),(126,'Alene Grimsditch','Orthopedist','8144393948','10349 Loeprich Pass','Narela','Erie','Pennsylvania','eFQo0jCc4p'),(127,'Benyamin Thomen','Neurologist','5024286734','68007 Crescent Oaks Court','Ashok Vihar','Louisville','Kentucky','V7mj9zRC'),(128,'Sascha Bernardon','Orthopedist','2153194648','620 Green Ridge Pass','Model Town','Philadelphia','Pennsylvania','2G6bye6yd'),(129,'Louisette Reuble','Gastroenterologist','9126479663','13861 Iowa Place','Model Town','Savannah','Georgia','QEV5Jr'),(130,'Prissie Dobie','Pulmonologist','8058913713','936 Lukken Place','Azadpur','Simi Valley','California','n6SsnHxSE'),(131,'Philippa Gisbourn','Urologist','5707967097','45771 Sycamore Alley','Keshav Puram','Scranton','Pennsylvania','3CBffHjk73'),(132,'Orsa Feuell','Pediatrician','7274436539','87614 Schiller Terrace','Rani Bagh','Saint Petersburg','Florida','Zps1lUv9Tq'),(133,'Rubina Spiby','Dermatologist','7127080290','56 Hintze Street','Adarsh Nagar','Sioux City','Iowa','or27JcWBoT'),(134,'Jesse Chung','Urologist','9378542556','536 Luster Parkway','Keshav Puram','Hamilton','Ohio','RHilBa'),(135,'Johan Goffe','Gastroenterologist','2123685934','2628 Fisk Circle','Bawana','New York City','New York','CFUa3W'),(136,'Ewell Rate','Rheumatologist','5173069923','04 Kenwood Plaza','Azadpur','Lansing','Michigan','xx6vQGCri'),(137,'Jenelle Kenwell','Oncologist','5712275306','944 Center Way','Bawana','Arlington','Virginia','tMFFVGh3Th'),(138,'Kenyon Shama','Orthopedist','2162842639','85 West Court','Bawana','Cleveland','Ohio','iFg8aTm31'),(139,'Freda Oddie','Rheumatologist','9373930391','50793 Judy Parkway','Ashok Vihar','Dayton','Ohio','NfPnZVMU'),(140,'Eugenius Hasell','Cardiologist','2512406519','6 Loftsgordon Alley','Narela','Mobile','Alabama','q8hIw1d'),(141,'Karlotta Bullant','Pulmonologist','3608072752','672 Stuart Point','Rani Bagh','Vancouver','Washington','6Mr3TM2o7'),(142,'Robenia Childe','Cardiologist','2518854391','0198 Sloan Plaza','Keshav Puram','Mobile','Alabama','X36Egt'),(143,'Noland Webley','Gynecologist','5869196103','5209 Straubel Pass','Dhaka','Warren','Michigan','gKjrqjY'),(144,'Camey Aspland','Pulmonologist','9722139868','09917 Dorton Park','Kingsway Camp','Mesquite','Texas','uw41nMlkDfeW'),(145,'Anjanette Tampling','Gynecologist','4082166663','215 Hoffman Court','Adarsh Nagar','San Jose','California','O8P48VCUyyL'),(146,'Izaak Croxall','Dermatologist','7571915425','0789 Washington Plaza','Rohini Sub City','Norfolk','Virginia','OKhrJ8G'),(147,'Yard Caughte','Gastroenterologist','5595902030','5001 Scoville Terrace','Rithala','Fresno','California','J5RMGvB4Q'),(148,'Diarmid MacLucais','Dermatologist','5851420019','4 Jana Place','Azadpur','Rochester','New York','go3uevN1'),(149,'Dido Gifkins','General Practitioner','3043227058','9 Springs Hill','Jahangirpuri','Charleston','West Virginia','YXMgbe'),(150,'Ingrim Game','Surgeon','6234753677','7 Norway Maple Pass','Rohini Sub City','Glendale','Arizona','OMXRFaTAu'),(151,'Sibby MacFayden','Gastroenterologist','8059285286','5 Calypso Plaza','Kingsway Camp','Oxnard','California','FPQCozygmSIo'),(152,'Joletta Harmeston','Pediatrician','2535274712','1029 Butterfield Center','Shalimar Bagh','Tacoma','Washington','lqbjuG1N'),(153,'Dore Bickle','Urologist','5594349883','02659 Merry Parkway','Rohini Sub City','Fresno','California','I3IaDqdZMkt'),(154,'Vanya Vequaud','Neurologist','2026715560','54 Sunbrook Center','Rithala','Washington','District of Columbia','5s1gM1W1IO9'),(155,'Valle Loomis','Pediatrician','9796988655','55 Bartillon Way','Karala','Houston','Texas','qz1QNyfoN'),(156,'Rowe Gaylord','Urologist','9521219225','494 Debs Alley','Rohini Sub City','Young America','Minnesota','I15wb2e29aVi'),(157,'Christiana Brewis','Gynecologist','4076811727','2 Spohn Center','Dhaka','Orlando','Florida','czVID6cxxiv'),(158,'Grace Herety','Urologist','8602109173','39 Calypso Point','Shalimar Bagh','Hartford','Connecticut','upNwhN'),(159,'Lionello Hammonds','Radiologist','8047005702','02163 Ridgeway Circle','Narela','Richmond','Virginia','ZJVd9QcuLSj'),(160,'Nataline Yanez','Anesthesiologist','7076080257','3 Warbler Parkway','Rohini Sub City','Petaluma','California','v6xzmUKBnZ'),(161,'Aidan Cotter','Gynecologist','4049674992','91 Everett Point','Rohini Sub City','Atlanta','Georgia','xMkXbf'),(162,'Helena Kliemchen','Ophthalmologist','8047469072','63584 Comanche Alley','Dhaka','Richmond','Virginia','gR45JxRyVQh'),(163,'Adlai Gladtbach','Gynecologist','7862187666','633 Cordelia Lane','Adarsh Nagar','Miami','Florida','2huQoKmW'),(164,'Chantalle Ballam','Surgeon','4152475664','51002 Bultman Park','Begum Pur','San Francisco','California','2qcv1bbP8R'),(165,'Nelli Manhare','Podiatrist','2025215328','19 Bartillon Center','Dhaka','Washington','District of Columbia','0otcpBBBAE'),(166,'Nikolia Deeprose','Endocrinologist','8061656375','934 Arkansas Lane','Jahangirpuri','Amarillo','Texas','y1LRuy9D'),(167,'Gibbie Hannan','Allergist','3372172942','0 Ridgeway Plaza','Rohini Sub City','Lafayette','Louisiana','pAXKNKZeA'),(168,'Harp Storcke','Pediatrician','4054925972','6 Kingsford Way','Ashok Vihar','Oklahoma City','Oklahoma','DDWMQyyhlRNf'),(169,'Rayna Timmermann','Orthopedist','7142573576','94 Tony Point','Shalimar Bagh','Irvine','California','SOY3ZY'),(170,'Yevette Treat','Neurologist','2029120257','29479 Oakridge Way','Rohini Sub City','Washington','District of Columbia','I1oeS4Esi2'),(171,'Tommie Hallstone','Orthopedist','7191470297','756 Utah Avenue','Ashok Vihar','Colorado Springs','Colorado','5iSP9LJkqj'),(172,'Ailyn Berntsson','Psychiatrist','3341126979','05275 Mariners Cove Point','Dhaka','Birmingham','Alabama','TNdMgL33'),(173,'Bethena Thombleson','Rheumatologist','2602008484','77 Sullivan Hill','Kingsway Camp','Fort Wayne','Indiana','IKaVcrUi2'),(174,'Chaunce O\'Curran','Orthopedist','3123467244','43 Kings Avenue','Kingsway Camp','Chicago','Illinois','XkcrzLTq0Q'),(175,'Kristine Heinritz','Orthopedist','8644223603','1 Arapahoe Avenue','Jahangirpuri','Spartanburg','South Carolina','BrPUZnkEsMF0'),(176,'Pip Alton','Podiatrist','7198468245','3 Cottonwood Lane','Begum Pur','Colorado Springs','Colorado','H8DsyoYS'),(177,'Mary Baumer','Neurologist','2067520759','8509 Crescent Oaks Circle','Begum Pur','Seattle','Washington','YrMDyAW'),(178,'Dion Dunckley','Psychiatrist','2162527617','18 Hintze Road','Shalimar Bagh','Cleveland','Ohio','puL2auZJBa'),(179,'Sherwin Dinis','Podiatrist','9186924330','089 Pennsylvania Circle','Rohini Sub City','Tulsa','Oklahoma','ctoIL8'),(180,'Traver Bygraves','Dermatologist','8175886859','78737 Shasta Plaza','Keshav Puram','Fort Worth','Texas','8slBHUTc2IfP'),(181,'Eddy Koppes','Anesthesiologist','2069043764','327 Sugar Junction','Rani Bagh','Seattle','Washington','YfIaUOg1'),(182,'Reggy Smouten','Cardiologist','5083000755','450 Arrowood Place','Pitam Pura','Boston','Massachusetts','UrQqR6jgJ'),(183,'Merralee Carluccio','Allergist','8142259814','7 Monica Circle','Model Town','Erie','Pennsylvania','qb11CUigfU'),(184,'Roddy Fourmy','Gastroenterologist','6266990912','7 Homewood Court','Narela','Pasadena','California','NImxzOBIZ4kW'),(185,'Mason Drought','Endocrinologist','7048539659','47730 Carey Street','Azadpur','Gastonia','North Carolina','Yu4svjJkvN6'),(186,'Siouxie Van der Son','Surgeon','2025061681','86 Hoepker Pass','Jahangirpuri','Washington','District of Columbia','q43VSyTfCCZ'),(187,'Gaston Rosenvasser','Rheumatologist','9101293994','02 Arizona Park','Rani Bagh','Wilmington','North Carolina','UcIFZHD'),(188,'Nicoline Kleinzweig','Urologist','8105991295','2 Onsgard Lane','Ashok Vihar','Flint','Michigan','UuRDwLk8t'),(189,'Luigi Frankton','Pulmonologist','5179220673','2 Redwing Drive','Ashok Vihar','Lansing','Michigan','bPqkD5K'),(190,'Roxanne Gillet','Allergist','4149448460','5875 Rowland Plaza','Shalimar Bagh','Milwaukee','Wisconsin','6DBCVUKgus0'),(191,'Jennette MacCaughey','Anesthesiologist','3132246899','540 Stang Drive','Rani Bagh','Detroit','Michigan','Dr7bzDB'),(192,'Brandise Itchingham','Ophthalmologist','7271324055','4 Clemons Terrace','Jahangirpuri','Clearwater','Florida','uis8EQ8HRm'),(193,'Courtney Adrianello','Radiologist','4048998080','3 Mayfield Road','Kingsway Camp','Atlanta','Georgia','k8lmDigsE9'),(194,'Valida Congreve','Gastroenterologist','7139897746','686 Village Green Alley','Shalimar Bagh','Houston','Texas','joTEPF'),(195,'Shane Gravenor','Anesthesiologist','9102994443','3325 Browning Lane','Pitam Pura','Fayetteville','North Carolina','OlfGa8b3'),(196,'Carleen Pyffe','Ophthalmologist','6122931692','93826 Warner Hill','Shalimar Bagh','Minneapolis','Minnesota','jc8NJg2Ef'),(197,'Tish Neem','Nephrologist','9159290674','74 Gerald Parkway','Karala','El Paso','Texas','WIdIec'),(198,'Charis Laslett','Neurologist','4047851955','7 Aberg Point','Model Town','Atlanta','Georgia','JlFG24'),(199,'Georgi Sarfas','Dermatologist','6193128190','55794 Havey Pass','Shalimar Bagh','Santa Ana','California','LeQ4X7Yizbu8'),(200,'Kelley Van Rembrandt','Gynecologist','6826953948','8646 Graedel Parkway','Begum Pur','Fort Worth','Texas','PM0NIb'),(201,'Gracie Shillitto','Psychiatrist','2028016426','408 Milwaukee Place','Azadpur','Washington','District of Columbia','MAWNgocMmLU'),(202,'Freddi Latta','Orthopedist','3109528918','7 Blue Bill Park Drive','Begum Pur','Palo Alto','California','Ql3L7yk7y'),(203,'Hershel Catlette','Nephrologist','6085574953','0 Prairie Rose Parkway','Rohini Sub City','Madison','Wisconsin','gaOKZTynpbv'),(204,'Arel Stogill','Surgeon','8143596773','63459 Dexter Avenue','Jahangirpuri','Erie','Pennsylvania','nKcOtIkQoANz'),(205,'Burt Matokhnin','Endocrinologist','4143281789','59925 Chive Alley','Shalimar Bagh','Milwaukee','Wisconsin','l9fkSm0YiFQ'),(206,'Dane Backler','Nephrologist','9379245127','78 Columbus Drive','Ashok Vihar','Springfield','Ohio','nUgAK8'),(207,'Amil Trusty','Urologist','7022166357','89585 Anniversary Alley','Adarsh Nagar','Las Vegas','Nevada','Axi5qAfqg4z'),(208,'Coop Gingel','Rheumatologist','6025211315','0548 Scofield Road','Jahangirpuri','Glendale','Arizona','iybgryF'),(209,'Crissie Patron','Nephrologist','6511066709','7027 Huxley Circle','Narela','Saint Paul','Minnesota','ZQ9WDhM'),(210,'Clayborn Clubb','Podiatrist','6613297100','657 Laurel Place','Kohat Enclave','Lancaster','California','wcSHUYh7gXd'),(211,'Corrie Boord','General Practitioner','8599242861','3062 Morning Way','Shalimar Bagh','Lexington','Kentucky','XSPcx1Tv'),(212,'Saloma Doggrell','Anesthesiologist','7134747570','7505 Havey Crossing','Kohat Enclave','Houston','Texas','ZoqYf6nbs'),(213,'Thaxter Philpault','Podiatrist','2406493771','79518 Evergreen Terrace','Azadpur','Gaithersburg','Maryland','hwEHyZd'),(214,'Justen Sauven','Cardiologist','2542770487','0 Elka Junction','Kingsway Camp','Gatesville','Texas','RLbGlFQm'),(215,'Meaghan Wards','Ophthalmologist','8329846023','74878 Autumn Leaf Center','Kingsway Camp','Houston','Texas','OCaXAv'),(216,'Adams Laffranconi','Endocrinologist','2104369522','8948 Bashford Road','Azadpur','San Antonio','Texas','WlaVzph'),(217,'Noby Bracher','Psychiatrist','9161219660','4 Dottie Way','Bawana','Sacramento','California','TbEkCq1K'),(218,'Darrell Larchier','Rheumatologist','2126989453','601 Sugar Road','Rani Bagh','Brooklyn','New York','YsDZjk'),(219,'Evelina Kynastone','Surgeon','4051913844','63788 Glendale Court','Bawana','Oklahoma City','Oklahoma','KAFmHbu3'),(220,'Zaneta Benedtti','Ophthalmologist','8311713558','49005 Cody Pass','Kingsway Camp','Santa Cruz','California','yVQ9bR'),(221,'Earlie Noads','Gynecologist','8509702101','24 Columbus Avenue','Rohini Sub City','Pensacola','Florida','o3ToANy'),(222,'Olenka Bourne','Allergist','7062307680','179 Ridgeview Road','Model Town','Athens','Georgia','vxOqiuMWr'),(223,'Myrna Bradborne','Urologist','5029032217','27407 Packers Hill','Kingsway Camp','Frankfort','Kentucky','YwjqQHM'),(224,'Ilsa Ximenez','Orthopedist','2814097073','862 Glacier Hill Junction','Keshav Puram','Houston','Texas','9ilDORZ0z'),(225,'Vita Hanham','Urologist','7187957509','78 Harper Plaza','Rani Bagh','Staten Island','New York','dH2DSSz3c'),(226,'Danya Stillwell','Radiologist','2158308776','3 Glacier Hill Lane','Jahangirpuri','Philadelphia','Pennsylvania','8GlXsplx'),(227,'Isobel Wickersham','Radiologist','2094818809','86713 Stang Street','Rani Bagh','Fresno','California','fzSBoEaq7itm'),(228,'Cordelie Burbage','Orthopedist','2123431032','9 Lakeland Center','Rani Bagh','Brooklyn','New York','qBzyAOD'),(229,'Helaina Rilston','Gynecologist','4157600177','443 Pond Circle','Kingsway Camp','San Francisco','California','A5EN4P7x'),(230,'Margarethe Caltera','Podiatrist','2037947746','48 Reinke Road','Rohini Sub City','Waterbury','Connecticut','DjuxO2fahn'),(231,'Cathyleen Torrese','Nephrologist','8126934887','9639 Donald Point','Rithala','Evansville','Indiana','JL5s8a'),(232,'Brook Philler','Orthopedist','2026990309','3 Briar Crest Alley','Rani Bagh','Washington','District of Columbia','G9eizUIDRQ'),(233,'Arabelle Luscott','Cardiologist','9722598357','9 Cherokee Lane','Keshav Puram','Dallas','Texas','gdUgVnt3pF'),(234,'Claybourne Bridgeman','Radiologist','5087542749','439 Troy Circle','Begum Pur','Worcester','Massachusetts','E6twKAM'),(235,'Herbie Craisford','Gynecologist','3034512197','5942 Veith Street','Rohini Sub City','Aurora','Colorado','xTDPRY'),(236,'Cris Paik','Pulmonologist','3034330597','57 David Road','Azadpur','Denver','Colorado','lIxNpBS3mK'),(237,'Griffith Maggiori','Pediatrician','2176685055','3943 Prairieview Road','Azadpur','Springfield','Illinois','sE701tnk7xa'),(238,'Abbye Dymidowski','Dermatologist','3035024038','63 Messerschmidt Place','Kingsway Camp','Denver','Colorado','ugxuHOSR9yun'),(239,'Wendeline Jarratt','Ophthalmologist','7579148303','0300 Vahlen Plaza','Model Town','Virginia Beach','Virginia','bzXvf5zpxP'),(240,'Salome Hay','Psychiatrist','7139216838','9 David Avenue','Dhaka','Houston','Texas','CT2F8Bsi'),(241,'Terencio Sadgrove','Radiologist','4697537433','93 2nd Parkway','Keshav Puram','Dallas','Texas','0sUq2NMO4p'),(242,'Kelley Sporton','General Practitioner','2024542137','0 Springview Drive','Keshav Puram','Washington','District of Columbia','gJXNss0P0'),(243,'Edgard Colquite','General Practitioner','4134903591','3 Center Drive','Adarsh Nagar','Springfield','Massachusetts','ZgOwwxSB'),(244,'Ernestine Pechan','Gynecologist','2489788190','926 Sheridan Center','Kohat Enclave','Troy','Michigan','tHcrR6HStRK'),(245,'Reagen Baiyle','Cardiologist','7189727590','77212 High Crossing Terrace','Keshav Puram','Jamaica','New York','Q2cTMNzVXQ'),(246,'Rahal Hullah','Ophthalmologist','2255233559','5269 Beilfuss Road','Rithala','Baton Rouge','Louisiana','8heSbygLo'),(247,'Brita Cappell','Endocrinologist','8018852592','9612 Pierstorff Pass','Jahangirpuri','Salt Lake City','Utah','Wub3Vuqfc'),(248,'Samuele Jaquest','Radiologist','2089668187','5427 Dunning Way','Rohini Sub City','Boise','Idaho','J1HTVMGPnAg'),(249,'Oswald Challens','Dermatologist','5105521308','25 Northwestern Crossing','Kohat Enclave','Oakland','California','D0iVrspAn'),(250,'Marcelo Torvey','Pediatrician','3234104356','92 Hudson Pass','Rithala','Los Angeles','California','sV9Lf7'),(251,'Birdie Swallow','Neurologist','2136514849','6 Trailsway Park','Kingsway Camp','Los Angeles','California','Rgyz1dE8'),(252,'Briant Willans','Cardiologist','2027356350','83988 Spenser Hill','Karala','Washington','District of Columbia','Ho576OP8'),(253,'Sammie Rumble','Cardiologist','9161346215','12688 Loftsgordon Crossing','Kohat Enclave','Sacramento','California','vrfHU6dSalP'),(254,'Candice Hornung','Surgeon','5028217215','199 Moland Hill','Rani Bagh','Louisville','Kentucky','jV7cDQAAk'),(255,'Belicia Broad','Ophthalmologist','5052590179','286 Jenifer Parkway','Pitam Pura','Santa Fe','New Mexico','drxhFK7anfCm'),(256,'Lorna Scolts','Nephrologist','8326543124','1312 Clarendon Circle','Rithala','Houston','Texas','1mA1fK2m'),(257,'Gregg Wolfers','Podiatrist','9012696950','17 Pine View Pass','Rani Bagh','Memphis','Tennessee','7lHJ7GmW4AG'),(258,'Ashely Jeger','Psychiatrist','3196270489','4 Anderson Plaza','Pitam Pura','Cedar Rapids','Iowa','jqdl6SGHrg'),(259,'Karim Learoyd','Orthopedist','2023242574','9994 Oak Valley Lane','Narela','Washington','District of Columbia','5V87ngkmiiQc'),(260,'Adan Card','Neurologist','3151309038','4 Main Parkway','Kingsway Camp','Syracuse','New York','mAbLUdiCXL'),(261,'Donnell Beckett','Gastroenterologist','8167342284','5 Sunnyside Point','Azadpur','Kansas City','Missouri','f8AXfN6S07Y'),(262,'Suzette Effaunt','Endocrinologist','4042619055','0 Bashford Drive','Pitam Pura','Atlanta','Georgia','pR0kDHAp'),(263,'Moe Udie','Podiatrist','9165927982','08 Eagan Point','Kohat Enclave','Sacramento','California','PgGO3Rv1R'),(264,'Lew Scaife','Nephrologist','2141370429','7996 Bartelt Way','Ashok Vihar','Dallas','Texas','9H9Nserm8'),(265,'Orelie Coen','Podiatrist','4047169107','2031 Holy Cross Point','Adarsh Nagar','Atlanta','Georgia','fzfQ1hX5IDs'),(266,'Fletcher Bente','Oncologist','4059186872','112 Granby Crossing','Kohat Enclave','Oklahoma City','Oklahoma','OJylGgV'),(267,'Ardenia Goulbourne','Dermatologist','2127546492','3 Green Avenue','Keshav Puram','New York City','New York','ruKiwjb'),(268,'Rossie Padilla','Pediatrician','2028686041','352 4th Park','Kingsway Camp','Washington','District of Columbia','S7sa8ExQ'),(269,'Cherish Menloe','Nephrologist','4126664014','3 Nobel Lane','Pitam Pura','Pittsburgh','Pennsylvania','wckAJRY'),(270,'Homer Dulake','Endocrinologist','7319187354','587 Blaine Place','Kingsway Camp','Jackson','Tennessee','tA2IBwVOif'),(271,'Melba Presho','Pulmonologist','7031603685','3304 Boyd Center','Rani Bagh','Alexandria','Virginia','z0nWFYUx'),(272,'Lexi Cheake','Radiologist','2066961659','64847 Rigney Court','Bawana','Seattle','Washington','tvChq8yAd'),(273,'Clarie Huntriss','Rheumatologist','4349220369','9828 Sheridan Avenue','Pitam Pura','Charlottesville','Virginia','vx6vccGZ'),(274,'Rutger Houlson','Surgeon','3231979868','8 Waxwing Road','Narela','Los Angeles','California','QeGy6LfEHwBS'),(275,'Brear Hazeldean','Oncologist','6514136954','21 Anthes Way','Rithala','Saint Paul','Minnesota','zkW0EmPY'),(276,'Carlo Vaskin','Anesthesiologist','2568574988','8 Mesta Road','Rithala','Huntsville','Alabama','KxxS0uX'),(277,'Rachael Starzaker','Gastroenterologist','9166378192','85726 Mitchell Alley','Rohini Sub City','Sacramento','California','RFpRSF3Nscv'),(278,'Mellie Dranfield','General Practitioner','9549006529','1 David Avenue','Kingsway Camp','Fort Lauderdale','Florida','0hGvMJhhJRN'),(279,'Leandra Fellis','Gastroenterologist','2142565514','4 Moulton Park','Adarsh Nagar','Dallas','Texas','sEPusOzV'),(280,'Breanne Jackes','Ophthalmologist','6123525691','6413 Nelson Place','Kohat Enclave','Minneapolis','Minnesota','XHxqHIzRYHL'),(281,'Stanford Backler','Podiatrist','2514176149','9490 Tennessee Place','Bawana','Mobile','Alabama','V19w0C'),(282,'Juline Juleff','Ophthalmologist','2022440557','7 Meadow Vale Way','Ashok Vihar','Washington','District of Columbia','j3THHWpH'),(283,'Rolando Puckring','Radiologist','9416531849','14 Village Green Pass','Azadpur','Sarasota','Florida','Ofgh91HmVaj'),(284,'Hersch Anthoin','Endocrinologist','3303081200','0061 Gulseth Parkway','Dhaka','Akron','Ohio','6F9KBkUBp2e'),(285,'Malchy Doonican','Cardiologist','9169078589','120 Basil Court','Keshav Puram','Sacramento','California','PMXMiwRn'),(286,'Ivory Simonetti','Surgeon','3099956646','7126 Hanson Junction','Rohini Sub City','Peoria','Illinois','J7ZXHaDv2'),(287,'Beaufort Lindup','Pediatrician','3123857541','57 Lerdahl Trail','Karala','Chicago','Illinois','riVji6Sn9b'),(288,'Virge Golly','Endocrinologist','2626337234','15415 Swallow Lane','Pitam Pura','Racine','Wisconsin','2E0r7mdK'),(289,'Wynne Cremer','Pulmonologist','6033968545','8326 Lakeland Court','Bawana','Portsmouth','New Hampshire','AWhzAXoj'),(290,'Kip Snap','Cardiologist','8627129486','80 Blackbird Junction','Rohini Sub City','Paterson','New Jersey','2FV7WW0a4'),(291,'Aleda Boyan','Nephrologist','7017720243','9802 Fuller Hill','Jahangirpuri','Grand Forks','North Dakota','MYmryPcsM'),(292,'Bridgette Holdren','Dermatologist','2517826163','771 American Ash Center','Kohat Enclave','Mobile','Alabama','8haFVUY1'),(293,'Amabelle Atley','Surgeon','4047258840','5649 Anzinger Way','Ashok Vihar','Atlanta','Georgia','Ca7UWRHNRdV'),(294,'Man Belamy','Neurologist','2161205503','173 Katie Terrace','Narela','Cleveland','Ohio','56wmPTv'),(295,'Modesta MacCurley','Endocrinologist','4052689898','5666 Barby Park','Dhaka','Oklahoma City','Oklahoma','Slv8EN'),(296,'Quillan Stollard','Nephrologist','8016756116','69 Wayridge Center','Rithala','Salt Lake City','Utah','q5b7Mt'),(297,'Zared Sperring','Gastroenterologist','5618043797','57701 Toban Street','Bawana','Lake Worth','Florida','l1H0TUvauHm3'),(298,'Ric Kelley','Pulmonologist','3132613395','4 Knutson Hill','Kingsway Camp','Detroit','Michigan','uzqfSuEL5Wj5'),(299,'Farley Jakoviljevic','Cardiologist','2128587489','557 Daystar Lane','Kohat Enclave','Brooklyn','New York','ga3Knm3sDeU'),(300,'Alice Douch','Pulmonologist','3091242859','29 Oak Valley Junction','Adarsh Nagar','Peoria','Illinois','Hq6uvD3eZS'),(301,'Ginevra Spondley','Anesthesiologist','5022789365','83 Schurz Drive','Azadpur','Louisville','Kentucky','rzo571Bl4'),(302,'Kaleb Dongall','Pulmonologist','3139096655','543 Veith Pass','Rani Bagh','Detroit','Michigan','juHxbLQQ0'),(303,'Sharyl Rosterne','Radiologist','6149507114','58072 Homewood Avenue','Begum Pur','Columbus','Ohio','IVGhMwR3cC'),(304,'Windham Grestye','Neurologist','6089964089','3895 Carey Junction','Bawana','Madison','Wisconsin','U8oH8CR'),(305,'Tiffy Hodcroft','Gastroenterologist','8504662893','306 Anderson Crossing','Rani Bagh','Tallahassee','Florida','aUFQvqv'),(306,'Davie Mulmuray','Gynecologist','7192717555','282 Del Mar Trail','Azadpur','Colorado Springs','Colorado','hP3Yy16'),(307,'Joyann Peidro','Allergist','2535114023','8572 Dwight Center','Kingsway Camp','Tacoma','Washington','dBKPGtIfZxqy'),(308,'Tannie Fairtlough','Podiatrist','6022800997','344 Atwood Lane','Kingsway Camp','Tempe','Arizona','qm5dO07'),(309,'Delmer Fazakerley','Radiologist','2167410425','4 Merry Point','Rani Bagh','Cleveland','Ohio','1xn3upJKiAW'),(310,'Uta Coke','Dermatologist','8016072332','69207 Buhler Place','Adarsh Nagar','Salt Lake City','Utah','DrMB1Si5e5'),(311,'Stafani Ceccoli','Dermatologist','2027424396','72 Stone Corner Trail','Rohini Sub City','Washington','District of Columbia','UlLraR'),(312,'Lucita Beaver','Podiatrist','3056122477','4 Lawn Terrace','Adarsh Nagar','Hialeah','Florida','gjl6sa'),(313,'Kristel Hardiman','Anesthesiologist','5701551595','068 Dapin Circle','Bawana','Wilkes Barre','Pennsylvania','QRM4rRgZ'),(314,'Jacquelyn Lupton','Psychiatrist','6824315627','3393 Morning Parkway','Begum Pur','Fort Worth','Texas','VEU7s4'),(315,'Gretna Andersch','Ophthalmologist','8329571251','935 Carberry Parkway','Jahangirpuri','Houston','Texas','hu4ELTn2'),(316,'Laird Faherty','Psychiatrist','8435263344','088 Butterfield Pass','Ashok Vihar','Charleston','South Carolina','92K2Gq'),(317,'Mandi Cloutt','Dermatologist','5718941747','90 Summer Ridge Trail','Kohat Enclave','Ashburn','Virginia','88cBRhxtLO'),(318,'Kingsly Conner','Podiatrist','2035799121','8 Onsgard Court','Rani Bagh','Danbury','Connecticut','NlkC07dZI'),(319,'Zenia Newbold','Neurologist','2145153513','4 Meadow Vale Road','Keshav Puram','Mesquite','Texas','gf6K4F0Sy'),(320,'Ranique Nazair','Pediatrician','5109266619','0175 Gateway Alley','Adarsh Nagar','Berkeley','California','kFV22ja1'),(321,'Gregoor Elam','Cardiologist','9171697894','14 Morning Court','Azadpur','New York City','New York','JZGqQID'),(322,'Danie Spellard','Anesthesiologist','7726221621','50 Veith Place','Adarsh Nagar','Vero Beach','Florida','io4EHzYhYrb'),(323,'Gaston Maystone','Nephrologist','5406512248','177 Grim Trail','Shalimar Bagh','Roanoke','Virginia','o7ooNOJp'),(324,'Jammie Eick','Endocrinologist','3202959856','0316 Nova Center','Adarsh Nagar','Saint Cloud','Minnesota','iNVwGrDIhaH'),(325,'Codi Gillison','Surgeon','5132924111','725 Express Point','Pitam Pura','Cincinnati','Ohio','w9WoXuqhiis'),(326,'Ricky Wormstone','Allergist','4018847681','187 Schmedeman Road','Pitam Pura','Providence','Rhode Island','KgZlKtt'),(327,'Jess Syseland','Allergist','9418450174','41 Marcy Road','Begum Pur','Sarasota','Florida','rMjfw6uD0Ng'),(328,'Maximilien Kelf','Podiatrist','6465155733','48 Dawn Circle','Bawana','New York City','New York','BOwSECQ2P'),(329,'Archibold Veel','Orthopedist','2027840385','067 La Follette Crossing','Bawana','Washington','District of Columbia','NicWDNxsx'),(330,'Herve Patel','Podiatrist','4044732542','881 Lunder Crossing','Keshav Puram','Atlanta','Georgia','Kt0XpUdRok'),(331,'Sigmund McConnachie','Nephrologist','2109248209','6 Oakridge Avenue','Bawana','San Antonio','Texas','NA4baUVG5mD'),(332,'Addie Burgisi','Gynecologist','4082717610','607 5th Way','Rohini Sub City','San Jose','California','5gohEM4vk3'),(333,'Ikey Frantzen','Radiologist','8165805904','1 Union Trail','Rani Bagh','Saint Joseph','Missouri','baocZV'),(334,'Teodoro Czajkowski','Oncologist','4699112851','0457 Hoard Drive','Shalimar Bagh','Irving','Texas','60R0heqR6'),(335,'Dorelia Threadkell','Ophthalmologist','6518816319','9 Petterle Terrace','Model Town','Saint Paul','Minnesota','lPOi7a58r3B'),(336,'Guglielmo Boak','Pulmonologist','2037404138','8586 Farwell Place','Adarsh Nagar','Bridgeport','Connecticut','EGuaNmmFQ8r'),(337,'Tedman Swann','Cardiologist','2408094992','6 Lotheville Terrace','Dhaka','Frederick','Maryland','vDTfVnG9uJZs'),(338,'Teri Fermoy','Ophthalmologist','5405945290','56974 Maple Wood Street','Azadpur','Roanoke','Virginia','EuNWrH'),(339,'Shanda Eltune','Cardiologist','7185046234','8 Norway Maple Place','Dhaka','Brooklyn','New York','CFtOAyitDu'),(340,'Dorian Lapworth','Oncologist','2158786442','674 Almo Parkway','Begum Pur','Philadelphia','Pennsylvania','c2oGIEi'),(341,'Vaughn Russen','Cardiologist','2083922948','29802 Carpenter Parkway','Rithala','Boise','Idaho','xrLEMrK6r8AC'),(342,'Fraze Oldman','Surgeon','2025159189','80 5th Road','Bawana','Washington','District of Columbia','LsyM5H'),(343,'Kevina Wardingley','Rheumatologist','3054422493','9479 Rigney Drive','Dhaka','Miami','Florida','d0aoYLcFQXv'),(344,'Mathias Chavey','Orthopedist','8107506293','4 Kipling Place','Karala','Flint','Michigan','VBc0bKyu'),(345,'Giacopo Samworth','Allergist','9137240583','29745 Longview Parkway','Adarsh Nagar','Shawnee Mission','Kansas','hY4uy4W'),(346,'Nicolea Gilhoolie','Ophthalmologist','8284274932','55459 Blackbird Street','Azadpur','Asheville','North Carolina','01xt4T'),(347,'Rayner Hails','Psychiatrist','4096140507','544 Burrows Lane','Kohat Enclave','Galveston','Texas','CxDThjTH'),(348,'Naomi Accombe','Allergist','4106108716','6383 Kenwood Terrace','Narela','Baltimore','Maryland','RHC790shzu'),(349,'Ally Birt','Psychiatrist','3179092967','496 Manley Alley','Rani Bagh','Indianapolis','Indiana','NWpPsnorkq'),(350,'Tobe McAsgill','Endocrinologist','6826345458','94190 Troy Crossing','Rohini Sub City','Arlington','Texas','gQ955cChrvn'),(351,'Aldrich Minifie','Psychiatrist','9511889740','98843 High Crossing Pass','Keshav Puram','Riverside','California','TNdfy7z2'),(352,'Aylmar Egalton','Nephrologist','9525440557','84282 Ramsey Parkway','Ashok Vihar','Young America','Minnesota','eJTwa9QpHjY'),(353,'Silvain Scopham','Ophthalmologist','5734475724','16 Blue Bill Park Pass','Karala','Columbia','Missouri','M6OjzMF6eQc'),(354,'Mercy Cordingly','Ophthalmologist','2102193536','39855 Darwin Park','Bawana','San Antonio','Texas','SLw3Uy3dZ'),(355,'Natty Bonnin','Psychiatrist','2539866280','66160 Warrior Street','Kingsway Camp','Lakewood','Washington','iLP8xWmydbs'),(356,'Teresita Anderl','General Practitioner','3148467246','38454 Florence Pass','Karala','Saint Louis','Missouri','KiC7wamuPFfE'),(357,'Taffy Mannock','Pulmonologist','6786289469','15897 Goodland Park','Bawana','Lawrenceville','Georgia','8wDinKqS9Jn'),(358,'Seka Riply','Dermatologist','4341254292','15259 Veith Avenue','Narela','Charlottesville','Virginia','xl1sqJJ90Ux'),(359,'Mirabel Jikylls','Surgeon','8438695276','63 Kenwood Lane','Shalimar Bagh','Beaufort','South Carolina','gsDxtzkHGd'),(360,'Kerby Dunnan','Anesthesiologist','5137611399','4 Golf View Pass','Ashok Vihar','Cincinnati','Ohio','klWgb18'),(361,'Levey Sofe','Pediatrician','9108186794','38017 Monica Crossing','Rithala','Fayetteville','North Carolina','f10KHxeRnJSK'),(362,'Melita Palffy','Ophthalmologist','2566876469','67 Old Shore Parkway','Model Town','Huntsville','Alabama','JNL8pAvyi4CU'),(363,'Gabriela Elwyn','Anesthesiologist','2056463654','89099 Jackson Place','Kohat Enclave','Birmingham','Alabama','KQliJHb'),(364,'Lucretia Mattiessen','Nephrologist','5866602936','5241 Steensland Parkway','Begum Pur','Detroit','Michigan','LsDDIW'),(365,'Claudell Goring','Psychiatrist','7853495703','65 Lighthouse Bay Parkway','Begum Pur','Topeka','Kansas','uinVwiWQlQ4j'),(366,'Missy Wanklin','Neurologist','6512275467','04700 Knutson Plaza','Keshav Puram','Saint Paul','Minnesota','1cP0UWS'),(367,'Cordie Blampied','Podiatrist','3057474773','2 Valley Edge Pass','Adarsh Nagar','Miami','Florida','fZTwbUu1'),(368,'Desi Gaish','General Practitioner','9416172669','8 Anniversary Trail','Kingsway Camp','Sarasota','Florida','KFQWA5b'),(369,'Ellsworth Arnot','Psychiatrist','7706505485','75 Leroy Place','Narela','Gainesville','Georgia','NA2hjTHjkM2'),(370,'Rosco Tibbs','Orthopedist','8655089654','31354 Duke Trail','Dhaka','Knoxville','Tennessee','BReHGP'),(371,'Neddie Monaghan','Endocrinologist','5127281571','35 Chinook Street','Rithala','Austin','Texas','vrj26l5V'),(372,'Che Kenwright','Pulmonologist','4193826959','99 Hollow Ridge Court','Pitam Pura','Toledo','Ohio','eOEufMB'),(373,'Marcello Leehane','Ophthalmologist','7044679939','3 Sundown Hill','Karala','Charlotte','North Carolina','iY7nF8byTeZu'),(374,'Karol Sante','Ophthalmologist','5408831032','4526 Summer Ridge Crossing','Pitam Pura','Roanoke','Virginia','UL8HvIQhxMG'),(375,'Tyrone Oxlade','Radiologist','8167711034','0644 Commercial Center','Begum Pur','Kansas City','Kansas','GfSRmNQ'),(376,'Tibold Kenwrick','Gynecologist','2153461624','921 Tony Lane','Kingsway Camp','Philadelphia','Pennsylvania','s10FMyZRk'),(377,'Ciro Caghan','Rheumatologist','4025899415','9845 Jana Court','Narela','Omaha','Nebraska','yAQUYv'),(378,'Tiphanie Vasyaev','Pediatrician','8049679802','1 Scoville Avenue','Ashok Vihar','Richmond','Virginia','NWA1IODa'),(379,'Corilla Cochern','Radiologist','8049066647','8 Summit Point','Rohini Sub City','Richmond','Virginia','Fc3pDfHIiAOA'),(380,'Pauly Kirgan','Gynecologist','5701583008','15671 Mandrake Pass','Pitam Pura','Scranton','Pennsylvania','EXAis8i3BRl'),(381,'Bordy Rawlison','Gynecologist','2027294804','8476 Bluejay Point','Kingsway Camp','Silver Spring','Maryland','TGt0t6Aw6'),(382,'Emilio Blancowe','Anesthesiologist','5612742167','700 Sundown Street','Keshav Puram','Lake Worth','Florida','9kS544L4'),(383,'Johann Meffen','Nephrologist','2028555158','4651 Macpherson Plaza','Jahangirpuri','Washington','District of Columbia','Jj54Ehz'),(384,'Jordanna Billsberry','Allergist','7654800791','815 Toban Pass','Narela','Crawfordsville','Indiana','pGrqYii2c'),(385,'Grover Saywell','Gynecologist','2067384766','36847 Division Center','Azadpur','Seattle','Washington','SU5SOB73ZXZ'),(386,'Inessa Glyde','Radiologist','6011289508','0072 Grover Circle','Jahangirpuri','Jackson','Mississippi','Vp5rbXL58'),(387,'Coriss Happert','Pulmonologist','6084442824','544 Michigan Terrace','Keshav Puram','Madison','Wisconsin','4tJKkR7DonT'),(388,'Bria Marrow','Ophthalmologist','9712436708','706 Dakota Alley','Narela','Salem','Oregon','NLZHUzaQc'),(389,'Leopold Velte','Urologist','2135995587','7 Dennis Pass','Azadpur','Los Angeles','California','Xwhu8VO'),(390,'Percy Boxer','Oncologist','9158411467','41345 Coolidge Plaza','Dhaka','El Paso','Texas','owRFkExXYPN'),(391,'Kaylil Kimmel','Neurologist','4104252434','00122 Carpenter Drive','Pitam Pura','Baltimore','Maryland','NoiLufN6gK'),(392,'Saleem Stithe','Orthopedist','7271432088','6 Melby Street','Begum Pur','Saint Petersburg','Florida','oH7P4fJf'),(393,'Jefferson McGown','Urologist','5714247877','85755 Milwaukee Pass','Rani Bagh','Springfield','Virginia','Az7VuNWvSz'),(394,'Derrek McCrone','Anesthesiologist','4058444105','8 Anniversary Circle','Ashok Vihar','Oklahoma City','Oklahoma','p5I0WWt05Q'),(395,'Tanney Gilberthorpe','Radiologist','8061302842','6 Steensland Court','Begum Pur','Lubbock','Texas','vKVUgX5j6IW'),(396,'Karlotta Buddell','Gynecologist','5126128773','557 Wayridge Hill','Ashok Vihar','Austin','Texas','IctO6ua'),(397,'Glad Carmichael','Dermatologist','3127148070','03 New Castle Way','Kohat Enclave','Chicago','Illinois','5sRQnfT5PvBi'),(398,'Arlen Glowacz','Radiologist','8068501497','26113 Hagan Center','Rani Bagh','Amarillo','Texas','nuUE9O'),(399,'Sargent Farahar','Nephrologist','2406760750','2157 Maple Wood Street','Ashok Vihar','Hagerstown','Maryland','irDFwnLCp1Qe'),(400,'Cara Baxendale','Neurologist','2104771000','501 Mariners Cove Court','Dhaka','San Antonio','Texas','7NEpVTBdA');
/*!40000 ALTER TABLE `doctors` ENABLE KEYS */;
UNLOCK TABLES;

--
-- Table structure for table `hospitals`
--

DROP TABLE IF EXISTS `hospitals`;
/*!40101 SET @saved_cs_client     = @@character_set_client */;
/*!50503 SET character_set_client = utf8mb4 */;
CREATE TABLE `hospitals` (
  `hospital_ID` int NOT NULL,
  `name` varchar(100) NOT NULL,
  `street_address` varchar(100) NOT NULL,
  `locality` varchar(100) NOT NULL,
  `city` varchar(100) NOT NULL,
  `state` varchar(100) NOT NULL,
  `type` varchar(100) NOT NULL,
  `address` varchar(100) GENERATED ALWAYS AS (concat(`street_address`,_utf8mb4', ',`locality`,_utf8mb4', ',`city`,_utf8mb4', ',`state`)) VIRTUAL NOT NULL,
  PRIMARY KEY (`hospital_ID`),
  KEY `hk` (`city`),
  CONSTRAINT `hospitals_chk_1` CHECK ((`type` in (_utf8mb4'government',_utf8mb4'private')))
) ENGINE=InnoDB DEFAULT CHARSET=utf8mb4 COLLATE=utf8mb4_0900_ai_ci;
/*!40101 SET character_set_client = @saved_cs_client */;

--
-- Dumping data for table `hospitals`
--

LOCK TABLES `hospitals` WRITE;
/*!40000 ALTER TABLE `hospitals` DISABLE KEYS */;
INSERT INTO `hospitals` (`hospital_ID`, `name`, `street_address`, `locality`, `city`, `state`, `type`) VALUES (1,'Mayo Clinic','44 Forest Dale Crossing','Adarsh Nagar','Washington','District of Columbia','government'),(2,'Cleveland Clinic','37 Goodland Circle','Dhaka','Sacramento','California','private'),(3,'Massachusetts General Hospital','89 Esker Pass','Pitam Pura','Nashville','Tennessee','private'),(4,'Johns Hopkins Hospital','6 Moulton Lane','Shalimar Bagh','Orlando','Florida','government'),(5,'UCLA Medical Center','42947 Steensland Pass','Dhaka','Memphis','Tennessee','private'),(6,'New York-Presbyterian University Hospital of Columbia and Cornell','9972 Canary Alley','Bawana','San Bernardino','California','private'),(7,'UCSF Medical Center','15525 Lillian Parkway','Karala','Washington','District of Columbia','government'),(8,'Northwestern Memorial Hospital','05 2nd Trail','Keshav Puram','Miami','Florida','government'),(9,'Hospitals of the University of Pennsylvania-Penn Presbyterian','86 Talisman Crossing','Shalimar Bagh','Largo','Florida','government'),(10,'NYU Langone Medical Center','619 3rd Terrace','Kingsway Camp','Jersey City','New Jersey','government'),(11,'Barnes-Jewish Hospital','339 Emmet Hill','Model Town','Fort Lauderdale','Florida','private'),(12,'UPMC Presbyterian Shadyside','13 Lindbergh Crossing','Adarsh Nagar','Philadelphia','Pennsylvania','government'),(13,'Brigham and Women\'s Hospital','7 Mockingbird Road','Model Town','Miami Beach','Florida','government'),(14,'Stanford Health Care-Stanford Hospital','2 Mendota Hill','Jahangirpuri','Oklahoma City','Oklahoma','government'),(15,'Mount Sinai Hospital','2 Mendota Avenue','Rithala','Honolulu','Hawaii','government'),(16,'Duke University Hospital','3826 Raven Avenue','Narela','Winston Salem','North Carolina','private'),(17,'Cedars-Sinai Medical Center','95169 Grayhawk Court','Model Town','Sacramento','California','government'),(18,'University of Michigan Hospitals and Health Centers','4 Laurel Way','Karala','Sacramento','California','private'),(19,'Houston Methodist Hospital','185 Randy Trail','Kingsway Camp','Pensacola','Florida','government'),(20,'University of Colorado Hospital','176 Commercial Pass','Rani Bagh','Memphis','Tennessee','government');
/*!40000 ALTER TABLE `hospitals` ENABLE KEYS */;
UNLOCK TABLES;

--
-- Table structure for table `medical_test_history`
--

DROP TABLE IF EXISTS `medical_test_history`;
/*!40101 SET @saved_cs_client     = @@character_set_client */;
/*!50503 SET character_set_client = utf8mb4 */;
CREATE TABLE `medical_test_history` (
  `test_ID` int NOT NULL,
  `record_ID` int NOT NULL,
  `lab_ID` int NOT NULL,
  `patient_ID` int NOT NULL,
  `amount` decimal(10,2) NOT NULL,
  `test_date` date NOT NULL,
  `payment_date` date NOT NULL,
  `report` blob,
  `test_record_ID` int NOT NULL,
  PRIMARY KEY (`test_record_ID`),
  KEY `test_ID` (`test_ID`),
  KEY `record_ID` (`record_ID`,`patient_ID`),
  KEY `lab_ID` (`lab_ID`),
  KEY `index_key` (`patient_ID`),
  CONSTRAINT `medical_test_history_ibfk_1` FOREIGN KEY (`test_ID`) REFERENCES `medical_tests` (`test_ID`) ON DELETE CASCADE ON UPDATE CASCADE,
  CONSTRAINT `medical_test_history_ibfk_3` FOREIGN KEY (`lab_ID`) REFERENCES `pathological_labs` (`lab_ID`) ON DELETE CASCADE ON UPDATE CASCADE,
  CONSTRAINT `medical_test_history_ibfk_4` FOREIGN KEY (`record_ID`) REFERENCES `patient_history` (`record_ID`) ON DELETE CASCADE ON UPDATE CASCADE,
  CONSTRAINT `medical_test_history_ibfk_5` FOREIGN KEY (`patient_ID`) REFERENCES `patients` (`patient_ID`) ON DELETE CASCADE ON UPDATE CASCADE,
  CONSTRAINT `medical_test_history_chk_1` CHECK ((`amount` > 0))
) ENGINE=InnoDB DEFAULT CHARSET=utf8mb4 COLLATE=utf8mb4_0900_ai_ci;
/*!40101 SET character_set_client = @saved_cs_client */;

--
-- Dumping data for table `medical_test_history`
--

LOCK TABLES `medical_test_history` WRITE;
/*!40000 ALTER TABLE `medical_test_history` DISABLE KEYS */;
INSERT INTO `medical_test_history` VALUES (11,873,12,73,10800.00,'2019-08-01','2019-08-02',NULL,1),(12,661,16,52,38400.00,'2019-10-11','2019-10-12',NULL,2),(3,144,19,180,43900.00,'2019-10-21','2019-10-22',NULL,3),(5,393,20,191,21600.00,'2020-02-27','2020-02-28',NULL,4),(3,416,19,373,6100.00,'2019-09-04','2019-09-05',NULL,5),(8,543,18,177,36300.00,'2019-05-18','2019-05-19',NULL,6),(6,747,12,121,38100.00,'2020-04-20','2020-04-21',NULL,7),(1,386,12,387,38400.00,'2019-10-22','2019-10-22',NULL,8),(9,512,13,174,7000.00,'2020-03-22','2020-03-22',NULL,9),(4,957,6,132,18800.00,'2019-10-12','2019-10-12',NULL,10),(7,243,7,45,27000.00,'2020-01-04','2020-01-04',NULL,11),(1,683,11,257,24100.00,'2019-06-23','2019-06-24',NULL,12),(8,839,5,19,27500.00,'2019-09-23','2019-09-24',NULL,13),(3,29,17,339,44400.00,'2019-12-09','2019-12-10',NULL,14),(8,987,11,394,5700.00,'2020-03-01','2020-03-02',NULL,15),(4,498,8,312,6500.00,'2019-11-14','2019-11-15',NULL,16),(10,44,6,39,26500.00,'2020-02-26','2020-02-27',NULL,17),(8,139,20,264,36900.00,'2019-05-22','2019-05-22',NULL,18),(2,324,1,337,20300.00,'2019-12-11','2019-12-11',NULL,19),(8,178,13,83,44300.00,'2019-06-13','2019-06-13',NULL,20),(8,89,19,16,41900.00,'2019-06-25','2019-06-25',NULL,21),(3,68,12,379,5300.00,'2019-10-04','2019-10-05',NULL,22),(12,744,5,242,11100.00,'2019-07-16','2019-07-16',NULL,23),(7,145,1,244,27100.00,'2019-07-01','2019-07-02',NULL,24),(1,704,14,118,3700.00,'2019-04-28','2019-04-29',NULL,25),(9,876,19,367,3400.00,'2019-05-20','2019-05-21',NULL,26),(5,423,7,307,34500.00,'2020-02-17','2020-02-18',NULL,27),(11,162,1,129,15200.00,'2019-10-19','2019-10-20',NULL,28),(12,983,3,119,19000.00,'2020-01-21','2020-01-21',NULL,29),(4,970,14,206,44300.00,'2019-11-21','2019-11-21',NULL,30),(11,996,14,322,37900.00,'2019-08-17','2019-08-17',NULL,31),(8,232,9,271,29400.00,'2019-07-13','2019-07-14',NULL,32),(8,735,6,277,9600.00,'2020-04-09','2020-04-10',NULL,33),(2,653,1,207,40900.00,'2019-10-31','2019-11-01',NULL,34),(3,271,6,54,22800.00,'2019-11-10','2019-11-10',NULL,35),(10,529,18,371,29100.00,'2020-04-13','2020-04-13',NULL,36),(3,916,5,69,4200.00,'2019-08-16','2019-08-16',NULL,37),(9,81,16,77,14500.00,'2019-05-15','2019-05-15',NULL,38),(1,519,8,363,10500.00,'2020-01-11','2020-01-11',NULL,39),(10,456,14,73,32000.00,'2019-06-11','2019-06-11',NULL,40),(4,964,20,361,17700.00,'2019-04-26','2019-04-27',NULL,41),(11,974,13,187,31300.00,'2019-08-27','2019-08-27',NULL,42),(5,920,17,72,48900.00,'2020-02-05','2020-02-05',NULL,43),(1,374,9,24,35600.00,'2019-10-26','2019-10-26',NULL,44),(7,17,10,185,14900.00,'2020-04-16','2020-04-16',NULL,45),(5,563,12,118,27300.00,'2019-10-02','2019-10-03',NULL,46),(5,652,7,150,39600.00,'2019-06-13','2019-06-13',NULL,47),(5,790,8,274,12600.00,'2019-06-12','2019-06-12',NULL,48),(8,488,15,136,22400.00,'2019-10-18','2019-10-18',NULL,49),(2,344,17,207,25200.00,'2019-07-29','2019-07-30',NULL,50),(9,477,12,259,6800.00,'2019-12-23','2019-12-24',NULL,51),(10,150,14,318,49100.00,'2019-10-27','2019-10-27',NULL,52),(5,196,11,346,24600.00,'2019-06-18','2019-06-19',NULL,53),(4,986,8,81,24700.00,'2019-08-25','2019-08-25',NULL,54),(6,666,18,366,1500.00,'2019-10-30','2019-10-30',NULL,55),(3,527,11,21,1100.00,'2019-11-12','2019-11-12',NULL,56),(12,190,5,83,10300.00,'2019-04-30','2019-05-01',NULL,57),(11,480,7,74,40100.00,'2019-07-07','2019-07-08',NULL,58),(1,328,7,118,34000.00,'2019-07-08','2019-07-08',NULL,59),(3,593,4,218,12700.00,'2019-05-10','2019-05-10',NULL,60),(11,707,17,349,48000.00,'2019-10-23','2019-10-23',NULL,61),(2,528,1,223,44000.00,'2020-04-07','2020-04-08',NULL,62),(9,243,14,45,33000.00,'2019-05-17','2019-05-18',NULL,63),(3,346,15,233,23100.00,'2019-09-16','2019-09-17',NULL,64),(9,415,9,314,20000.00,'2019-06-07','2019-06-07',NULL,65),(11,378,10,138,15700.00,'2019-08-13','2019-08-14',NULL,66),(7,900,10,44,29800.00,'2020-03-17','2020-03-17',NULL,67),(11,430,20,7,43200.00,'2019-05-16','2019-05-17',NULL,68),(12,581,8,62,14900.00,'2019-05-05','2019-05-06',NULL,69),(10,831,16,43,10800.00,'2019-11-05','2019-11-05',NULL,70),(11,666,16,366,27600.00,'2019-12-05','2019-12-06',NULL,71),(8,665,15,210,25600.00,'2019-11-14','2019-11-15',NULL,72),(11,845,4,128,17000.00,'2020-02-20','2020-02-21',NULL,73),(2,590,5,207,7400.00,'2019-08-31','2019-09-01',NULL,74),(8,133,18,250,19600.00,'2019-08-28','2019-08-29',NULL,75),(11,283,11,219,30200.00,'2019-12-28','2019-12-28',NULL,76),(5,436,4,29,9200.00,'2019-10-21','2019-10-22',NULL,77),(11,909,11,178,34500.00,'2019-08-06','2019-08-07',NULL,78),(12,525,11,167,48400.00,'2019-11-04','2019-11-04',NULL,79),(10,878,12,280,24200.00,'2019-08-04','2019-08-04',NULL,80),(8,618,7,47,47500.00,'2019-08-16','2019-08-16',NULL,81),(2,106,8,217,24500.00,'2020-01-06','2020-01-07',NULL,82),(3,873,3,73,3300.00,'2019-09-16','2019-09-16',NULL,83),(4,279,16,323,29000.00,'2019-09-24','2019-09-24',NULL,84),(9,958,3,376,38900.00,'2020-02-29','2020-03-01',NULL,85),(11,528,2,223,32800.00,'2019-06-07','2019-06-08',NULL,86),(7,695,6,246,43200.00,'2019-09-16','2019-09-16',NULL,87),(5,382,12,255,32300.00,'2020-02-12','2020-02-13',NULL,88),(5,411,15,292,38100.00,'2020-01-28','2020-01-28',NULL,89),(10,529,1,371,32400.00,'2019-10-16','2019-10-16',NULL,90),(9,783,7,245,12200.00,'2019-09-08','2019-09-09',NULL,91),(2,753,19,208,35600.00,'2019-08-21','2019-08-21',NULL,92),(7,4,18,129,49800.00,'2019-08-30','2019-08-30',NULL,93),(8,621,5,199,14700.00,'2019-07-20','2019-07-20',NULL,94),(10,22,5,276,28100.00,'2020-01-13','2020-01-13',NULL,95),(6,357,15,265,23500.00,'2019-10-27','2019-10-28',NULL,96),(6,71,14,238,20300.00,'2019-09-12','2019-09-13',NULL,97),(10,313,2,283,5300.00,'2019-06-12','2019-06-13',NULL,98),(1,122,18,372,38100.00,'2020-02-22','2020-02-22',NULL,99),(11,6,17,328,29200.00,'2019-07-08','2019-07-08',NULL,100),(8,336,14,216,49700.00,'2019-10-26','2019-10-26',NULL,101),(6,86,6,330,38500.00,'2019-09-24','2019-09-25',NULL,102),(6,492,7,192,27900.00,'2019-11-09','2019-11-09',NULL,103),(2,671,3,348,8600.00,'2019-12-12','2019-12-13',NULL,104),(9,423,17,307,48600.00,'2019-09-06','2019-09-07',NULL,105),(1,490,18,6,20400.00,'2019-06-07','2019-06-08',NULL,106),(2,573,7,183,46000.00,'2020-01-23','2020-01-24',NULL,107),(1,542,18,206,49000.00,'2020-01-28','2020-01-29',NULL,108),(11,593,14,218,36000.00,'2020-02-22','2020-02-23',NULL,109),(4,887,7,215,31100.00,'2020-01-17','2020-01-18',NULL,110),(8,905,1,79,26900.00,'2019-12-21','2019-12-22',NULL,111),(9,600,10,238,28400.00,'2019-09-05','2019-09-05',NULL,112),(9,828,1,344,20600.00,'2020-04-02','2020-04-03',NULL,113),(7,544,19,290,23600.00,'2019-10-12','2019-10-13',NULL,114),(11,190,3,83,16100.00,'2019-08-29','2019-08-30',NULL,115),(6,612,13,371,25200.00,'2020-03-13','2020-03-13',NULL,116),(7,103,11,7,29200.00,'2019-09-19','2019-09-20',NULL,117),(1,324,4,337,15700.00,'2019-10-01','2019-10-02',NULL,118),(9,482,12,296,11400.00,'2019-08-22','2019-08-23',NULL,119),(12,388,3,50,47900.00,'2019-05-03','2019-05-03',NULL,120),(10,87,5,210,37900.00,'2020-03-27','2020-03-27',NULL,121),(9,826,19,337,29800.00,'2019-11-01','2019-11-02',NULL,122),(5,71,6,238,27100.00,'2019-07-29','2019-07-29',NULL,123),(5,573,1,183,19100.00,'2020-04-12','2020-04-12',NULL,124),(9,333,6,48,40200.00,'2019-11-16','2019-11-16',NULL,125),(7,84,8,338,47000.00,'2020-02-03','2020-02-03',NULL,126),(6,184,15,185,3400.00,'2019-11-14','2019-11-15',NULL,127),(5,291,5,321,38900.00,'2020-01-01','2020-01-02',NULL,128),(4,660,6,67,25900.00,'2019-06-13','2019-06-13',NULL,129),(4,925,2,297,25000.00,'2019-11-08','2019-11-09',NULL,130),(9,750,12,62,35000.00,'2019-08-01','2019-08-01',NULL,131),(12,811,15,126,49500.00,'2019-09-07','2019-09-08',NULL,132),(12,45,8,203,43100.00,'2019-10-16','2019-10-17',NULL,133),(9,451,9,86,12500.00,'2020-04-21','2020-04-22',NULL,134),(7,600,3,238,45500.00,'2020-01-06','2020-01-07',NULL,135),(1,309,9,260,49700.00,'2020-04-15','2020-04-16',NULL,136),(8,298,1,386,36400.00,'2019-09-27','2019-09-28',NULL,137),(4,691,10,132,19500.00,'2019-11-20','2019-11-21',NULL,138),(7,92,19,89,16700.00,'2019-04-29','2019-04-30',NULL,139),(3,107,20,71,33600.00,'2020-01-05','2020-01-06',NULL,140),(3,754,11,335,10600.00,'2020-02-06','2020-02-07',NULL,141),(1,162,13,129,23000.00,'2019-12-22','2019-12-23',NULL,142),(2,995,17,219,48100.00,'2020-02-05','2020-02-05',NULL,143),(2,264,2,309,17600.00,'2019-09-10','2019-09-11',NULL,144),(8,859,18,105,38400.00,'2019-10-15','2019-10-16',NULL,145),(6,41,16,101,32900.00,'2019-08-05','2019-08-06',NULL,146),(10,941,5,260,10800.00,'2019-06-23','2019-06-23',NULL,147),(6,432,11,117,48800.00,'2019-10-04','2019-10-04',NULL,148),(10,728,4,260,42500.00,'2020-03-30','2020-03-31',NULL,149),(9,740,19,11,21400.00,'2019-11-25','2019-11-25',NULL,150),(6,101,9,78,39200.00,'2019-10-15','2019-10-16',NULL,151),(2,186,13,261,17100.00,'2019-07-04','2019-07-05',NULL,152),(10,685,3,158,34000.00,'2019-11-08','2019-11-09',NULL,153),(1,434,11,172,10200.00,'2020-04-12','2020-04-13',NULL,154),(4,173,8,134,37100.00,'2019-04-28','2019-04-28',NULL,155),(6,667,12,226,22700.00,'2019-08-12','2019-08-12',NULL,156),(10,569,18,384,2200.00,'2020-01-15','2020-01-16',NULL,157),(9,790,16,274,35500.00,'2019-12-28','2019-12-28',NULL,158),(7,763,17,284,22300.00,'2019-09-24','2019-09-24',NULL,159),(5,629,9,245,37300.00,'2020-01-19','2020-01-20',NULL,160),(9,740,16,11,3700.00,'2019-05-05','2019-05-06',NULL,161),(2,562,2,393,32500.00,'2019-07-08','2019-07-08',NULL,162),(8,725,17,110,34500.00,'2019-06-04','2019-06-04',NULL,163),(11,583,7,42,33300.00,'2019-05-14','2019-05-14',NULL,164),(10,35,19,315,37700.00,'2019-08-06','2019-08-06',NULL,165),(8,352,3,229,16500.00,'2019-08-12','2019-08-13',NULL,166),(4,702,20,291,22300.00,'2019-12-02','2019-12-03',NULL,167),(5,394,20,340,22700.00,'2020-02-20','2020-02-20',NULL,168),(3,358,1,122,16300.00,'2020-03-26','2020-03-27',NULL,169),(9,268,10,168,22800.00,'2019-12-31','2020-01-01',NULL,170),(5,465,12,24,27700.00,'2020-01-23','2020-01-24',NULL,171),(1,886,13,300,10800.00,'2019-08-11','2019-08-12',NULL,172),(2,867,1,199,48000.00,'2020-01-16','2020-01-16',NULL,173),(9,967,10,188,8500.00,'2019-06-18','2019-06-18',NULL,174),(9,274,10,330,10400.00,'2020-03-28','2020-03-29',NULL,175),(1,222,14,67,13200.00,'2019-10-30','2019-10-30',NULL,176),(11,561,5,16,9400.00,'2020-03-22','2020-03-22',NULL,177),(9,245,20,318,33200.00,'2020-03-24','2020-03-25',NULL,178),(2,47,15,365,1400.00,'2019-10-28','2019-10-29',NULL,179),(11,262,15,295,20300.00,'2019-07-16','2019-07-16',NULL,180),(7,382,8,255,11400.00,'2019-06-27','2019-06-27',NULL,181),(2,209,6,173,23400.00,'2020-04-23','2020-04-23',NULL,182),(4,273,13,193,15800.00,'2020-01-07','2020-01-07',NULL,183),(11,783,4,245,45400.00,'2019-07-21','2019-07-22',NULL,184),(12,211,18,361,28200.00,'2020-03-13','2020-03-14',NULL,185),(9,353,2,315,16100.00,'2020-03-14','2020-03-14',NULL,186),(11,814,18,212,1000.00,'2019-10-15','2019-10-15',NULL,187),(2,625,8,95,50000.00,'2019-12-26','2019-12-26',NULL,188),(8,695,18,246,4400.00,'2019-12-23','2019-12-23',NULL,189),(10,72,17,43,28400.00,'2020-04-11','2020-04-11',NULL,190),(10,822,14,71,3600.00,'2019-05-16','2019-05-17',NULL,191),(10,559,8,301,8100.00,'2020-01-25','2020-01-25',NULL,192),(2,551,5,120,27500.00,'2020-04-05','2020-04-06',NULL,193),(5,963,10,197,29500.00,'2019-05-03','2019-05-04',NULL,194),(2,294,20,174,5300.00,'2020-03-24','2020-03-24',NULL,195),(9,417,13,41,41500.00,'2019-07-25','2019-07-26',NULL,196),(5,453,8,116,16200.00,'2020-04-04','2020-04-04',NULL,197),(6,991,12,229,11700.00,'2020-02-24','2020-02-24',NULL,198),(10,717,13,245,26900.00,'2019-09-22','2019-09-23',NULL,199),(11,348,20,237,5200.00,'2019-11-13','2019-11-13',NULL,200),(2,466,1,46,19900.00,'2020-01-07','2020-01-07',NULL,201),(5,643,9,359,37800.00,'2019-05-27','2019-05-27',NULL,202),(7,138,20,32,14000.00,'2020-02-24','2020-02-24',NULL,203),(4,493,19,80,8600.00,'2019-12-26','2019-12-27',NULL,204),(4,318,16,127,9500.00,'2020-03-13','2020-03-13',NULL,205),(6,175,3,257,29200.00,'2020-04-05','2020-04-05',NULL,206),(12,510,12,350,29900.00,'2020-03-07','2020-03-07',NULL,207),(5,569,12,384,33500.00,'2019-06-27','2019-06-27',NULL,208),(6,88,9,53,48200.00,'2019-09-21','2019-09-21',NULL,209),(8,461,19,298,17000.00,'2019-08-05','2019-08-05',NULL,210),(11,582,5,191,47300.00,'2019-10-15','2019-10-16',NULL,211),(6,612,15,371,30500.00,'2019-06-28','2019-06-28',NULL,212),(5,840,3,150,32800.00,'2020-02-26','2020-02-27',NULL,213),(5,175,6,257,13000.00,'2019-12-19','2019-12-19',NULL,214),(12,686,15,353,9100.00,'2019-08-11','2019-08-11',NULL,215),(9,860,13,6,45900.00,'2019-06-03','2019-06-04',NULL,216),(6,521,3,83,46700.00,'2020-02-03','2020-02-03',NULL,217),(11,354,20,153,34100.00,'2020-01-29','2020-01-30',NULL,218),(5,323,6,222,33100.00,'2019-12-09','2019-12-10',NULL,219),(6,133,6,250,41700.00,'2020-02-27','2020-02-28',NULL,220),(3,562,3,393,47300.00,'2019-12-18','2019-12-19',NULL,221),(10,271,4,54,1700.00,'2020-01-15','2020-01-16',NULL,222),(8,403,14,138,22300.00,'2019-11-11','2019-11-11',NULL,223),(10,53,12,162,3800.00,'2019-08-20','2019-08-21',NULL,224),(10,194,19,283,2500.00,'2019-11-18','2019-11-18',NULL,225),(2,23,14,204,49600.00,'2019-07-08','2019-07-08',NULL,226),(1,393,4,191,25700.00,'2020-01-27','2020-01-28',NULL,227),(4,783,6,245,16900.00,'2020-04-20','2020-04-20',NULL,228),(2,911,16,79,5400.00,'2019-10-21','2019-10-22',NULL,229),(10,206,3,87,36800.00,'2019-08-07','2019-08-08',NULL,230),(6,758,8,156,1200.00,'2019-12-23','2019-12-24',NULL,231),(7,766,19,14,46600.00,'2020-03-17','2020-03-18',NULL,232),(5,369,13,108,19300.00,'2019-12-10','2019-12-11',NULL,233),(9,418,16,200,48800.00,'2019-04-25','2019-04-26',NULL,234),(8,740,4,11,48900.00,'2019-07-22','2019-07-22',NULL,235),(9,921,5,327,13000.00,'2020-04-05','2020-04-05',NULL,236),(12,974,18,187,35800.00,'2019-05-09','2019-05-09',NULL,237),(4,359,20,167,47300.00,'2019-10-28','2019-10-28',NULL,238),(10,856,13,146,21800.00,'2019-05-30','2019-05-30',NULL,239),(6,860,5,6,6200.00,'2019-07-19','2019-07-19',NULL,240),(5,87,5,210,16600.00,'2020-03-03','2020-03-04',NULL,241),(12,878,14,280,20200.00,'2019-07-04','2019-07-04',NULL,242),(10,138,1,32,29800.00,'2019-07-02','2019-07-03',NULL,243),(2,787,16,6,41500.00,'2020-04-04','2020-04-05',NULL,244),(1,348,14,237,25000.00,'2020-01-26','2020-01-27',NULL,245),(7,576,11,37,2600.00,'2020-01-22','2020-01-22',NULL,246),(9,726,17,307,8600.00,'2019-07-31','2019-08-01',NULL,247),(7,852,8,393,10700.00,'2020-03-24','2020-03-25',NULL,248),(10,206,4,87,15500.00,'2020-01-29','2020-01-30',NULL,249),(10,537,2,234,38100.00,'2019-12-17','2019-12-18',NULL,250),(10,129,8,386,9000.00,'2019-06-03','2019-06-03',NULL,251),(11,546,9,278,25100.00,'2019-06-30','2019-07-01',NULL,252),(1,763,14,284,42800.00,'2019-12-18','2019-12-18',NULL,253),(8,723,6,330,25500.00,'2020-03-02','2020-03-02',NULL,254),(9,677,1,291,31100.00,'2019-11-09','2019-11-10',NULL,255),(8,32,15,227,15000.00,'2019-05-10','2019-05-10',NULL,256),(4,848,17,388,26800.00,'2020-02-03','2020-02-03',NULL,257),(10,719,3,25,42100.00,'2020-02-02','2020-02-02',NULL,258),(4,880,5,395,24500.00,'2019-07-22','2019-07-23',NULL,259),(2,634,19,156,45100.00,'2019-07-14','2019-07-14',NULL,260),(11,720,5,100,2200.00,'2019-06-19','2019-06-20',NULL,261),(4,295,10,169,14500.00,'2019-11-17','2019-11-18',NULL,262),(2,451,11,86,39200.00,'2020-02-06','2020-02-06',NULL,263),(3,393,10,191,6300.00,'2019-10-10','2019-10-10',NULL,264),(2,647,11,108,44000.00,'2019-10-11','2019-10-11',NULL,265),(3,429,17,239,31600.00,'2020-04-16','2020-04-16',NULL,266),(5,314,18,219,31900.00,'2019-05-03','2019-05-03',NULL,267),(8,15,13,259,40200.00,'2020-03-23','2020-03-24',NULL,268),(7,451,3,86,4000.00,'2019-07-24','2019-07-25',NULL,269),(4,273,15,193,46700.00,'2019-07-10','2019-07-11',NULL,270),(5,798,2,37,30100.00,'2019-11-29','2019-11-30',NULL,271),(5,492,11,192,5100.00,'2019-07-26','2019-07-26',NULL,272),(9,572,11,191,32900.00,'2019-10-19','2019-10-19',NULL,273),(4,467,10,205,34800.00,'2019-05-11','2019-05-11',NULL,274),(8,692,18,65,34900.00,'2020-04-02','2020-04-03',NULL,275),(1,91,19,118,31200.00,'2019-07-04','2019-07-05',NULL,276),(10,788,17,245,43500.00,'2019-05-18','2019-05-19',NULL,277),(7,212,5,239,3700.00,'2020-04-04','2020-04-05',NULL,278),(11,798,19,37,32400.00,'2020-03-09','2020-03-09',NULL,279),(8,279,20,323,8900.00,'2020-02-06','2020-02-07',NULL,280),(1,385,7,191,28500.00,'2020-01-01','2020-01-02',NULL,281),(12,553,19,97,13100.00,'2020-03-25','2020-03-26',NULL,282),(2,788,5,245,33700.00,'2019-10-17','2019-10-18',NULL,283),(8,785,16,393,16000.00,'2019-09-08','2019-09-09',NULL,284),(4,288,1,288,7100.00,'2019-10-21','2019-10-22',NULL,285),(5,543,11,177,34800.00,'2019-09-11','2019-09-11',NULL,286),(7,888,1,261,48500.00,'2019-07-31','2019-07-31',NULL,287),(4,362,17,62,15700.00,'2019-12-01','2019-12-02',NULL,288),(11,699,20,38,10900.00,'2020-03-26','2020-03-26',NULL,289),(3,225,3,2,17900.00,'2019-06-11','2019-06-11',NULL,290),(10,973,16,56,10900.00,'2019-06-10','2019-06-10',NULL,291),(3,418,3,200,38800.00,'2019-12-01','2019-12-01',NULL,292),(6,279,9,323,37700.00,'2019-07-11','2019-07-12',NULL,293),(5,878,3,280,28800.00,'2019-11-02','2019-11-03',NULL,294),(3,131,12,99,42800.00,'2019-05-24','2019-05-25',NULL,295),(7,865,11,205,22000.00,'2019-11-30','2019-11-30',NULL,296),(8,846,7,248,43000.00,'2020-02-06','2020-02-06',NULL,297),(12,314,3,219,30800.00,'2019-11-14','2019-11-14',NULL,298),(1,546,15,278,25800.00,'2019-06-03','2019-06-04',NULL,299),(9,830,7,171,47700.00,'2020-02-12','2020-02-12',NULL,300),(4,601,11,212,38700.00,'2020-03-22','2020-03-22',NULL,301),(8,860,12,6,6600.00,'2020-01-16','2020-01-17',NULL,302),(1,829,4,119,32100.00,'2019-12-12','2019-12-12',NULL,303),(12,21,8,120,41400.00,'2019-11-08','2019-11-09',NULL,304),(12,416,13,373,10000.00,'2020-04-03','2020-04-04',NULL,305),(1,653,7,207,26500.00,'2020-01-28','2020-01-29',NULL,306),(8,740,11,11,39500.00,'2020-03-15','2020-03-15',NULL,307),(4,295,1,169,43300.00,'2019-08-07','2019-08-08',NULL,308),(8,527,4,21,22900.00,'2020-03-21','2020-03-21',NULL,309),(12,57,7,221,37300.00,'2020-03-25','2020-03-25',NULL,310),(12,880,16,395,29300.00,'2019-05-15','2019-05-15',NULL,311),(7,890,3,172,24200.00,'2019-10-07','2019-10-08',NULL,312),(7,79,5,272,9800.00,'2019-07-14','2019-07-14',NULL,313),(10,964,9,361,39700.00,'2020-03-27','2020-03-28',NULL,314),(6,664,10,10,12300.00,'2019-06-20','2019-06-20',NULL,315),(2,719,2,25,45700.00,'2020-01-08','2020-01-09',NULL,316),(7,89,11,16,34200.00,'2020-04-01','2020-04-02',NULL,317),(11,551,8,120,43500.00,'2019-12-22','2019-12-22',NULL,318),(1,454,2,244,12700.00,'2019-07-11','2019-07-12',NULL,319),(12,747,12,121,30700.00,'2020-02-24','2020-02-24',NULL,320),(1,136,18,15,11800.00,'2019-08-13','2019-08-14',NULL,321),(9,335,17,270,48800.00,'2019-06-01','2019-06-02',NULL,322),(2,622,18,396,47200.00,'2019-10-12','2019-10-13',NULL,323),(7,807,1,302,37500.00,'2020-02-29','2020-02-29',NULL,324),(3,34,1,222,19200.00,'2019-10-21','2019-10-22',NULL,325),(7,6,15,328,9700.00,'2020-01-31','2020-01-31',NULL,326),(10,56,10,48,25600.00,'2019-12-25','2019-12-26',NULL,327),(12,390,6,369,38200.00,'2019-09-11','2019-09-11',NULL,328),(1,203,13,151,30700.00,'2019-10-29','2019-10-30',NULL,329),(3,811,16,126,10400.00,'2020-04-05','2020-04-06',NULL,330),(5,301,8,153,3300.00,'2020-02-03','2020-02-03',NULL,331),(10,997,4,336,12900.00,'2019-09-26','2019-09-27',NULL,332),(11,243,10,45,14300.00,'2019-10-29','2019-10-30',NULL,333),(9,283,10,219,36800.00,'2019-06-11','2019-06-11',NULL,334),(9,695,9,246,21400.00,'2019-12-02','2019-12-02',NULL,335),(8,778,7,218,30000.00,'2020-03-29','2020-03-29',NULL,336),(2,104,4,62,1000.00,'2019-05-16','2019-05-17',NULL,337),(12,232,10,271,36500.00,'2019-07-01','2019-07-02',NULL,338),(4,966,20,291,10900.00,'2019-10-09','2019-10-09',NULL,339),(10,122,12,372,11100.00,'2020-04-11','2020-04-12',NULL,340),(7,590,6,207,27700.00,'2019-05-17','2019-05-18',NULL,341),(11,377,6,169,22300.00,'2020-04-17','2020-04-18',NULL,342),(6,738,14,211,4300.00,'2020-02-18','2020-02-19',NULL,343),(2,510,12,350,44600.00,'2019-09-23','2019-09-24',NULL,344),(9,452,2,221,14200.00,'2020-04-09','2020-04-09',NULL,345),(2,380,1,29,43100.00,'2019-09-17','2019-09-18',NULL,346),(7,309,10,260,21000.00,'2019-04-25','2019-04-25',NULL,347),(2,797,3,345,1400.00,'2020-01-10','2020-01-11',NULL,348),(5,751,15,373,48500.00,'2019-12-05','2019-12-06',NULL,349),(5,93,6,243,37200.00,'2019-10-13','2019-10-13',NULL,350),(11,392,6,273,18000.00,'2019-06-30','2019-07-01',NULL,351),(4,244,1,256,40200.00,'2019-10-23','2019-10-23',NULL,352),(12,238,20,205,19500.00,'2019-06-04','2019-06-05',NULL,353),(10,334,3,127,32600.00,'2020-03-08','2020-03-09',NULL,354),(4,266,12,287,41200.00,'2019-07-28','2019-07-29',NULL,355),(11,217,14,69,41000.00,'2019-05-01','2019-05-02',NULL,356),(2,196,15,346,9500.00,'2019-10-12','2019-10-13',NULL,357),(2,337,4,195,5600.00,'2019-08-25','2019-08-26',NULL,358),(7,576,2,37,38900.00,'2019-05-08','2019-05-08',NULL,359),(6,810,20,126,45000.00,'2019-06-28','2019-06-29',NULL,360),(7,186,16,261,36900.00,'2019-07-06','2019-07-07',NULL,361),(6,590,14,207,36400.00,'2019-09-05','2019-09-06',NULL,362),(9,107,4,71,6700.00,'2020-04-07','2020-04-07',NULL,363),(12,344,14,207,4500.00,'2019-05-15','2019-05-16',NULL,364),(7,185,13,35,24200.00,'2020-04-19','2020-04-20',NULL,365),(11,899,19,10,27300.00,'2020-03-02','2020-03-03',NULL,366),(2,967,13,188,13800.00,'2020-03-19','2020-03-20',NULL,367),(1,280,17,46,36700.00,'2019-09-11','2019-09-11',NULL,368),(9,793,19,204,15200.00,'2019-06-07','2019-06-08',NULL,369),(5,568,19,68,6000.00,'2019-11-02','2019-11-03',NULL,370),(4,801,6,41,20000.00,'2019-11-13','2019-11-13',NULL,371),(1,605,5,170,31400.00,'2020-03-03','2020-03-03',NULL,372),(6,317,14,313,18300.00,'2019-10-13','2019-10-13',NULL,373),(8,946,16,138,35500.00,'2019-10-25','2019-10-26',NULL,374),(2,89,19,16,42200.00,'2020-02-09','2020-02-09',NULL,375),(8,274,4,330,42100.00,'2019-10-07','2019-10-08',NULL,376),(5,31,15,196,37700.00,'2019-08-01','2019-08-01',NULL,377),(9,967,11,188,35000.00,'2019-06-15','2019-06-16',NULL,378),(7,295,3,169,23800.00,'2019-12-06','2019-12-06',NULL,379),(5,417,8,41,14100.00,'2020-04-17','2020-04-17',NULL,380),(4,651,2,381,37000.00,'2019-12-03','2019-12-03',NULL,381),(10,621,13,199,26700.00,'2020-02-09','2020-02-10',NULL,382),(5,204,16,331,48500.00,'2020-01-07','2020-01-07',NULL,383),(8,202,9,327,36400.00,'2020-01-01','2020-01-01',NULL,384),(7,207,1,199,17000.00,'2019-08-11','2019-08-12',NULL,385),(4,491,15,337,46700.00,'2019-07-13','2019-07-13',NULL,386),(9,566,15,88,40600.00,'2019-07-17','2019-07-17',NULL,387),(4,20,20,209,44700.00,'2019-08-01','2019-08-02',NULL,388),(1,909,12,178,5000.00,'2019-10-21','2019-10-21',NULL,389),(10,73,12,136,48600.00,'2020-01-12','2020-01-12',NULL,390),(5,666,20,366,5300.00,'2019-06-30','2019-06-30',NULL,391),(3,261,7,27,9100.00,'2020-03-14','2020-03-15',NULL,392),(6,984,6,133,38000.00,'2019-06-10','2019-06-10',NULL,393),(3,728,2,260,26400.00,'2019-11-03','2019-11-03',NULL,394),(7,921,19,327,14100.00,'2020-01-27','2020-01-27',NULL,395),(6,501,15,127,27600.00,'2019-12-05','2019-12-06',NULL,396),(7,310,8,60,44400.00,'2020-04-09','2020-04-09',NULL,397),(10,518,1,34,1400.00,'2019-05-11','2019-05-12',NULL,398),(10,390,3,369,33600.00,'2019-06-02','2019-06-03',NULL,399),(4,157,6,364,14900.00,'2020-01-08','2020-01-09',NULL,400),(12,868,3,192,48400.00,'2019-05-06','2019-05-07',NULL,401),(1,899,5,10,28200.00,'2020-01-26','2020-01-27',NULL,402),(7,598,18,310,7700.00,'2019-12-22','2019-12-22',NULL,403),(11,130,2,258,2900.00,'2019-12-28','2019-12-29',NULL,404),(9,339,19,32,46500.00,'2019-06-10','2019-06-10',NULL,405),(1,488,15,136,13500.00,'2020-03-30','2020-03-30',NULL,406),(8,538,3,71,17400.00,'2019-07-22','2019-07-22',NULL,407),(8,213,8,150,46700.00,'2019-12-08','2019-12-08',NULL,408),(5,649,7,47,28700.00,'2019-12-22','2019-12-22',NULL,409),(10,92,16,89,34200.00,'2019-09-10','2019-09-11',NULL,410),(12,109,6,205,8100.00,'2019-08-29','2019-08-29',NULL,411),(2,331,6,64,2900.00,'2019-12-05','2019-12-06',NULL,412),(6,414,3,23,41500.00,'2019-05-05','2019-05-05',NULL,413),(9,171,15,28,3000.00,'2020-04-17','2020-04-18',NULL,414),(11,715,20,350,8200.00,'2019-11-17','2019-11-17',NULL,415),(8,900,20,44,32400.00,'2019-11-20','2019-11-20',NULL,416),(3,243,12,45,30600.00,'2019-09-02','2019-09-02',NULL,417),(3,317,4,313,15300.00,'2019-11-22','2019-11-23',NULL,418),(8,408,13,225,30600.00,'2019-12-28','2019-12-28',NULL,419),(4,565,8,35,24100.00,'2019-06-08','2019-06-09',NULL,420),(9,602,8,78,8200.00,'2020-01-09','2020-01-10',NULL,421),(11,475,1,107,33600.00,'2020-02-07','2020-02-07',NULL,422),(1,399,5,37,13500.00,'2019-06-27','2019-06-28',NULL,423),(9,422,4,260,1500.00,'2019-09-17','2019-09-17',NULL,424),(1,207,5,199,9300.00,'2019-08-10','2019-08-10',NULL,425),(6,827,14,14,40600.00,'2019-08-26','2019-08-26',NULL,426),(7,556,2,370,31700.00,'2020-01-03','2020-01-04',NULL,427),(10,373,12,281,49000.00,'2019-11-21','2019-11-22',NULL,428),(11,652,1,150,41800.00,'2019-08-12','2019-08-13',NULL,429),(5,546,11,278,48700.00,'2019-11-27','2019-11-28',NULL,430),(12,571,6,212,25500.00,'2019-09-12','2019-09-13',NULL,431),(12,630,16,154,47600.00,'2019-05-01','2019-05-02',NULL,432),(3,868,15,192,29900.00,'2020-02-20','2020-02-20',NULL,433),(1,733,17,42,19400.00,'2020-03-22','2020-03-23',NULL,434),(5,661,16,52,42100.00,'2019-07-27','2019-07-27',NULL,435),(12,740,19,11,10500.00,'2020-02-27','2020-02-27',NULL,436),(1,206,5,87,1900.00,'2020-03-28','2020-03-29',NULL,437),(2,742,19,330,45500.00,'2019-11-19','2019-11-20',NULL,438),(11,281,3,107,33000.00,'2019-10-01','2019-10-02',NULL,439),(9,439,1,274,25200.00,'2019-06-05','2019-06-06',NULL,440),(11,158,19,19,25200.00,'2019-09-16','2019-09-16',NULL,441),(3,676,12,209,47300.00,'2019-08-11','2019-08-12',NULL,442),(10,112,17,210,16300.00,'2020-03-30','2020-03-30',NULL,443),(7,117,4,391,47200.00,'2019-05-29','2019-05-30',NULL,444),(7,730,11,8,9400.00,'2019-07-29','2019-07-30',NULL,445),(12,127,16,208,4600.00,'2019-06-04','2019-06-05',NULL,446),(4,663,7,160,42300.00,'2019-10-13','2019-10-14',NULL,447),(5,989,6,225,45000.00,'2019-12-08','2019-12-08',NULL,448),(8,631,12,22,34000.00,'2019-04-29','2019-04-29',NULL,449),(8,787,16,6,2000.00,'2020-01-03','2020-01-04',NULL,450),(4,355,11,295,37900.00,'2019-12-08','2019-12-08',NULL,451),(9,621,5,199,26900.00,'2019-06-20','2019-06-20',NULL,452),(11,61,16,181,16000.00,'2019-10-03','2019-10-04',NULL,453),(1,465,13,24,44000.00,'2019-06-27','2019-06-27',NULL,454),(7,898,8,140,24500.00,'2020-03-27','2020-03-28',NULL,455),(9,367,16,264,48600.00,'2019-04-29','2019-04-30',NULL,456),(6,129,4,386,20900.00,'2019-07-29','2019-07-30',NULL,457),(10,191,14,21,49600.00,'2019-09-19','2019-09-19',NULL,458),(2,141,18,345,21500.00,'2019-06-02','2019-06-02',NULL,459),(8,318,8,127,4200.00,'2019-07-20','2019-07-20',NULL,460),(3,135,3,81,27700.00,'2019-05-07','2019-05-07',NULL,461),(1,34,9,222,36100.00,'2019-09-20','2019-09-20',NULL,462),(8,896,7,205,31500.00,'2020-02-08','2020-02-09',NULL,463),(2,685,10,158,4900.00,'2019-10-16','2019-10-16',NULL,464),(6,409,8,370,14800.00,'2020-04-10','2020-04-10',NULL,465),(8,826,5,337,28500.00,'2019-11-25','2019-11-26',NULL,466),(1,106,16,217,9700.00,'2019-06-18','2019-06-19',NULL,467),(12,886,19,300,18300.00,'2020-01-05','2020-01-06',NULL,468),(4,33,18,32,8500.00,'2019-07-28','2019-07-28',NULL,469),(2,292,5,316,29800.00,'2019-05-15','2019-05-16',NULL,470),(9,571,3,212,17500.00,'2019-10-06','2019-10-06',NULL,471),(4,924,8,146,40800.00,'2019-08-04','2019-08-05',NULL,472),(6,11,7,45,38900.00,'2019-10-29','2019-10-29',NULL,473),(10,796,18,38,2900.00,'2019-11-28','2019-11-29',NULL,474),(11,434,15,172,24300.00,'2019-08-08','2019-08-08',NULL,475),(8,734,6,369,24700.00,'2019-05-07','2019-05-07',NULL,476),(3,630,19,154,19300.00,'2020-01-30','2020-01-30',NULL,477),(4,234,13,157,48400.00,'2019-11-24','2019-11-25',NULL,478),(5,364,11,309,34400.00,'2019-12-27','2019-12-27',NULL,479),(4,814,20,212,18900.00,'2019-09-19','2019-09-19',NULL,480),(5,247,9,234,39100.00,'2019-05-28','2019-05-29',NULL,481),(11,706,5,119,43000.00,'2019-12-13','2019-12-14',NULL,482),(4,852,19,393,41800.00,'2019-09-11','2019-09-11',NULL,483),(9,899,6,10,2500.00,'2020-03-08','2020-03-09',NULL,484),(1,110,18,69,10600.00,'2019-09-30','2019-10-01',NULL,485),(1,707,17,349,20800.00,'2020-03-04','2020-03-05',NULL,486),(4,317,17,313,18400.00,'2019-05-23','2019-05-23',NULL,487),(11,264,10,309,46800.00,'2019-09-07','2019-09-07',NULL,488),(5,158,16,19,14100.00,'2019-07-13','2019-07-14',NULL,489),(11,873,20,73,31800.00,'2020-01-19','2020-01-19',NULL,490),(1,620,4,324,19500.00,'2020-02-01','2020-02-02',NULL,491),(6,205,13,35,10100.00,'2019-05-26','2019-05-26',NULL,492),(9,736,19,389,13200.00,'2020-03-23','2020-03-23',NULL,493),(5,486,1,268,34800.00,'2020-04-09','2020-04-10',NULL,494),(10,298,13,386,14200.00,'2019-11-16','2019-11-16',NULL,495),(2,25,9,366,26000.00,'2020-04-19','2020-04-20',NULL,496),(1,193,4,75,14100.00,'2019-12-28','2019-12-29',NULL,497),(7,621,6,199,11900.00,'2019-12-02','2019-12-03',NULL,498),(11,892,2,278,2700.00,'2019-08-11','2019-08-12',NULL,499),(2,935,15,33,15800.00,'2019-08-12','2019-08-13',NULL,500),(12,854,12,92,6900.00,'2020-03-23','2020-03-23',NULL,501),(2,403,7,138,19600.00,'2019-08-14','2019-08-14',NULL,502),(8,589,8,137,21700.00,'2019-05-15','2019-05-15',NULL,503),(2,345,17,306,47500.00,'2020-01-30','2020-01-31',NULL,504),(12,27,4,369,1200.00,'2020-01-16','2020-01-17',NULL,505),(5,834,17,195,37400.00,'2020-03-23','2020-03-24',NULL,506),(5,329,16,397,8600.00,'2020-04-15','2020-04-15',NULL,507),(12,899,12,10,39300.00,'2020-01-26','2020-01-26',NULL,508),(5,869,17,255,3500.00,'2019-10-20','2019-10-20',NULL,509),(2,129,10,386,24800.00,'2019-11-13','2019-11-13',NULL,510),(9,65,18,324,43700.00,'2019-09-11','2019-09-12',NULL,511),(11,450,5,11,9200.00,'2019-09-05','2019-09-05',NULL,512),(5,197,2,88,47700.00,'2019-12-08','2019-12-09',NULL,513),(3,815,12,193,13100.00,'2019-06-14','2019-06-14',NULL,514),(11,294,9,174,15100.00,'2019-06-08','2019-06-09',NULL,515),(6,390,9,369,7200.00,'2019-12-04','2019-12-05',NULL,516),(3,292,11,316,17100.00,'2019-07-20','2019-07-20',NULL,517),(9,510,16,350,47200.00,'2019-11-23','2019-11-23',NULL,518),(12,546,3,278,46400.00,'2019-08-05','2019-08-06',NULL,519),(9,558,6,91,42800.00,'2020-02-28','2020-02-29',NULL,520),(8,885,13,6,31500.00,'2020-01-03','2020-01-04',NULL,521),(9,807,7,302,39600.00,'2020-01-18','2020-01-18',NULL,522),(4,775,1,117,3100.00,'2019-11-07','2019-11-08',NULL,523),(9,814,5,212,33900.00,'2020-01-15','2020-01-15',NULL,524),(11,349,3,315,2400.00,'2020-03-31','2020-03-31',NULL,525),(9,803,3,265,30300.00,'2019-05-07','2019-05-08',NULL,526),(1,220,5,357,39200.00,'2019-12-07','2019-12-07',NULL,527),(2,819,13,392,21000.00,'2020-04-12','2020-04-12',NULL,528),(3,645,4,98,49100.00,'2019-11-17','2019-11-18',NULL,529),(2,748,4,96,17700.00,'2020-01-27','2020-01-27',NULL,530),(8,865,4,205,21600.00,'2019-12-02','2019-12-02',NULL,531),(8,222,20,67,40100.00,'2020-03-25','2020-03-25',NULL,532),(10,380,15,29,17300.00,'2019-05-10','2019-05-10',NULL,533),(6,360,15,80,19700.00,'2020-04-01','2020-04-02',NULL,534),(12,571,14,212,2100.00,'2019-12-25','2019-12-25',NULL,535),(2,60,19,353,37600.00,'2020-02-13','2020-02-14',NULL,536),(2,738,5,211,28500.00,'2020-01-05','2020-01-05',NULL,537),(7,824,1,213,13200.00,'2020-04-09','2020-04-10',NULL,538),(1,897,6,356,7000.00,'2019-05-07','2019-05-07',NULL,539),(1,199,1,94,2300.00,'2019-11-09','2019-11-09',NULL,540),(12,688,5,373,2300.00,'2019-12-14','2019-12-15',NULL,541),(10,498,12,312,27300.00,'2019-05-30','2019-05-30',NULL,542),(9,34,16,222,7700.00,'2020-04-23','2020-04-23',NULL,543),(4,308,2,332,11000.00,'2019-09-29','2019-09-29',NULL,544),(12,977,8,320,50000.00,'2019-08-01','2019-08-01',NULL,545),(9,73,12,136,30200.00,'2019-09-30','2019-09-30',NULL,546),(9,749,2,245,2800.00,'2019-06-27','2019-06-27',NULL,547),(10,798,14,37,33600.00,'2020-02-28','2020-02-28',NULL,548),(2,278,10,146,34100.00,'2019-07-03','2019-07-03',NULL,549),(7,908,4,299,14200.00,'2019-11-28','2019-11-28',NULL,550),(10,548,18,74,26300.00,'2019-12-08','2019-12-09',NULL,551),(8,99,19,338,8600.00,'2019-10-10','2019-10-10',NULL,552),(12,351,12,35,43200.00,'2019-10-23','2019-10-23',NULL,553),(3,446,2,72,41100.00,'2019-12-16','2019-12-16',NULL,554),(1,284,1,333,24400.00,'2019-08-01','2019-08-01',NULL,555),(8,95,13,226,31200.00,'2019-12-12','2019-12-12',NULL,556),(6,475,6,107,44300.00,'2019-05-13','2019-05-13',NULL,557),(7,774,5,276,15000.00,'2020-03-20','2020-03-21',NULL,558),(9,236,2,268,41200.00,'2019-09-08','2019-09-09',NULL,559),(1,108,8,309,22700.00,'2019-04-29','2019-04-29',NULL,560),(6,582,5,191,16900.00,'2020-03-10','2020-03-10',NULL,561),(10,35,3,315,12600.00,'2019-11-19','2019-11-20',NULL,562),(10,673,2,70,40100.00,'2020-03-31','2020-03-31',NULL,563),(10,660,6,67,43400.00,'2020-02-17','2020-02-18',NULL,564),(9,255,19,127,3400.00,'2019-05-11','2019-05-11',NULL,565),(6,377,4,169,38500.00,'2019-08-08','2019-08-08',NULL,566),(11,651,6,381,22000.00,'2019-12-31','2019-12-31',NULL,567),(5,725,15,110,30500.00,'2019-08-26','2019-08-27',NULL,568),(2,819,11,392,39900.00,'2020-03-06','2020-03-06',NULL,569),(4,30,2,243,22700.00,'2019-11-17','2019-11-17',NULL,570),(1,834,7,195,5300.00,'2020-02-07','2020-02-08',NULL,571),(2,157,2,364,2900.00,'2019-08-31','2019-08-31',NULL,572),(11,679,14,357,14700.00,'2020-04-09','2020-04-09',NULL,573),(8,595,16,337,22000.00,'2020-04-11','2020-04-11',NULL,574),(4,847,12,102,8000.00,'2020-03-17','2020-03-17',NULL,575),(11,434,6,172,33600.00,'2019-10-25','2019-10-25',NULL,576),(8,120,5,162,41200.00,'2019-09-09','2019-09-10',NULL,577),(5,686,12,353,19400.00,'2020-02-28','2020-02-29',NULL,578),(1,36,13,140,24000.00,'2019-08-07','2019-08-07',NULL,579),(2,990,18,339,23900.00,'2020-03-24','2020-03-25',NULL,580),(9,611,7,159,18700.00,'2019-06-25','2019-06-25',NULL,581),(4,340,1,158,18900.00,'2019-05-07','2019-05-08',NULL,582),(3,55,15,217,2200.00,'2019-09-07','2019-09-07',NULL,583),(8,152,1,207,6100.00,'2020-01-23','2020-01-24',NULL,584),(12,188,3,382,3600.00,'2019-09-11','2019-09-12',NULL,585),(1,323,4,222,26100.00,'2019-05-25','2019-05-26',NULL,586),(3,736,8,389,36600.00,'2019-05-04','2019-05-05',NULL,587),(7,829,8,119,45700.00,'2019-07-10','2019-07-10',NULL,588),(12,289,14,263,11700.00,'2019-06-22','2019-06-23',NULL,589),(11,495,14,390,45400.00,'2019-07-27','2019-07-28',NULL,590),(12,413,7,390,9300.00,'2019-05-25','2019-05-26',NULL,591),(11,254,14,294,29400.00,'2019-07-13','2019-07-14',NULL,592),(12,806,2,351,11200.00,'2019-10-28','2019-10-28',NULL,593),(6,705,20,92,5800.00,'2020-04-03','2020-04-04',NULL,594),(4,981,9,380,3600.00,'2020-01-30','2020-01-31',NULL,595),(11,383,16,337,13400.00,'2019-05-12','2019-05-13',NULL,596),(2,288,11,288,17700.00,'2020-01-02','2020-01-02',NULL,597),(11,620,6,324,14600.00,'2020-03-31','2020-04-01',NULL,598),(12,404,6,2,10800.00,'2020-02-05','2020-02-05',NULL,599),(7,5,12,81,43900.00,'2019-12-28','2019-12-28',NULL,600),(2,985,12,19,41300.00,'2020-02-20','2020-02-20',NULL,601),(9,639,16,29,14400.00,'2020-01-01','2020-01-01',NULL,602),(5,223,11,120,1700.00,'2019-11-08','2019-11-08',NULL,603),(10,746,9,83,24600.00,'2020-04-06','2020-04-06',NULL,604),(7,641,11,189,43100.00,'2019-06-17','2019-06-17',NULL,605),(3,790,11,274,36700.00,'2020-03-10','2020-03-11',NULL,606),(1,18,1,134,37300.00,'2019-06-11','2019-06-12',NULL,607),(6,540,15,16,33100.00,'2019-10-14','2019-10-15',NULL,608),(2,139,12,264,42600.00,'2019-05-01','2019-05-01',NULL,609),(9,420,12,335,4100.00,'2019-12-22','2019-12-22',NULL,610),(7,34,1,222,28700.00,'2019-05-06','2019-05-06',NULL,611),(9,424,1,395,38500.00,'2019-06-02','2019-06-02',NULL,612),(9,231,9,307,46000.00,'2019-07-25','2019-07-25',NULL,613),(10,608,18,339,17600.00,'2019-07-29','2019-07-29',NULL,614),(8,421,3,329,11000.00,'2019-09-04','2019-09-04',NULL,615),(9,153,14,339,24800.00,'2019-12-03','2019-12-04',NULL,616),(7,242,15,221,37400.00,'2019-07-06','2019-07-07',NULL,617),(5,494,12,228,14700.00,'2019-11-19','2019-11-20',NULL,618),(12,303,16,336,32600.00,'2019-11-07','2019-11-08',NULL,619),(1,478,18,227,27400.00,'2019-07-31','2019-08-01',NULL,620),(10,148,6,29,15400.00,'2020-03-07','2020-03-07',NULL,621),(3,622,8,396,34300.00,'2019-10-07','2019-10-07',NULL,622),(10,78,20,214,49400.00,'2020-03-05','2020-03-06',NULL,623),(10,315,6,176,3300.00,'2019-12-31','2019-12-31',NULL,624),(12,816,12,366,8600.00,'2019-09-05','2019-09-05',NULL,625),(12,491,11,337,38600.00,'2019-10-27','2019-10-27',NULL,626),(1,385,13,191,24000.00,'2019-09-01','2019-09-01',NULL,627),(5,290,18,369,9900.00,'2019-12-18','2019-12-18',NULL,628),(6,550,5,52,10500.00,'2020-03-16','2020-03-17',NULL,629),(9,484,2,10,20500.00,'2019-10-14','2019-10-14',NULL,630),(8,665,19,210,11200.00,'2019-11-29','2019-11-29',NULL,631),(12,114,7,300,4800.00,'2019-08-06','2019-08-06',NULL,632),(5,711,8,197,28700.00,'2019-04-28','2019-04-28',NULL,633),(4,2,11,250,23700.00,'2019-11-28','2019-11-28',NULL,634),(6,861,17,180,22800.00,'2020-03-23','2020-03-24',NULL,635),(7,858,17,320,8800.00,'2019-12-28','2019-12-29',NULL,636),(10,855,4,389,22200.00,'2019-11-26','2019-11-26',NULL,637),(6,540,13,16,13200.00,'2019-11-01','2019-11-01',NULL,638),(12,151,3,53,20400.00,'2019-10-17','2019-10-18',NULL,639),(6,160,2,225,38300.00,'2019-12-25','2019-12-26',NULL,640),(3,728,19,260,23800.00,'2019-12-08','2019-12-09',NULL,641),(10,356,11,252,47500.00,'2019-05-12','2019-05-12',NULL,642),(9,854,10,92,43900.00,'2019-11-16','2019-11-16',NULL,643),(12,513,20,206,5800.00,'2019-09-28','2019-09-29',NULL,644),(9,885,14,6,19000.00,'2020-01-21','2020-01-21',NULL,645),(4,779,3,246,49600.00,'2019-07-16','2019-07-16',NULL,646),(5,148,19,29,9700.00,'2019-10-07','2019-10-07',NULL,647),(1,383,8,337,33800.00,'2020-03-29','2020-03-29',NULL,648),(10,729,4,274,6300.00,'2019-06-19','2019-06-19',NULL,649),(12,628,15,31,19700.00,'2019-11-27','2019-11-27',NULL,650),(5,341,16,240,9200.00,'2019-07-08','2019-07-08',NULL,651),(3,759,2,119,49800.00,'2019-07-10','2019-07-10',NULL,652),(11,615,6,195,31800.00,'2019-06-06','2019-06-07',NULL,653),(12,768,9,354,44700.00,'2019-11-05','2019-11-06',NULL,654),(9,240,3,16,16800.00,'2019-06-17','2019-06-18',NULL,655),(6,852,20,393,35400.00,'2019-09-26','2019-09-26',NULL,656),(9,904,7,260,27000.00,'2019-11-21','2019-11-22',NULL,657),(9,385,19,191,31300.00,'2020-02-07','2020-02-08',NULL,658),(12,271,13,54,38500.00,'2019-04-24','2019-04-25',NULL,659),(6,97,11,16,39300.00,'2019-09-03','2019-09-04',NULL,660),(5,300,18,97,12400.00,'2019-10-03','2019-10-04',NULL,661),(7,653,13,207,42900.00,'2019-10-03','2019-10-03',NULL,662),(6,593,15,218,20700.00,'2019-05-31','2019-05-31',NULL,663),(3,390,6,369,26000.00,'2019-05-20','2019-05-20',NULL,664),(3,575,10,298,36300.00,'2019-07-26','2019-07-27',NULL,665),(7,951,10,241,49200.00,'2020-02-17','2020-02-18',NULL,666),(7,908,18,299,47500.00,'2020-03-19','2020-03-19',NULL,667),(7,739,3,82,33300.00,'2019-07-11','2019-07-12',NULL,668),(10,332,14,379,8700.00,'2019-05-25','2019-05-26',NULL,669),(12,592,4,207,43900.00,'2020-01-20','2020-01-21',NULL,670),(5,375,17,248,34300.00,'2020-02-19','2020-02-19',NULL,671),(5,11,7,45,11900.00,'2019-06-06','2019-06-06',NULL,672),(6,812,10,27,48500.00,'2020-01-22','2020-01-22',NULL,673),(9,117,17,391,40200.00,'2020-01-12','2020-01-12',NULL,674),(1,789,6,259,17000.00,'2019-10-09','2019-10-10',NULL,675),(4,969,11,389,29900.00,'2020-03-13','2020-03-14',NULL,676),(6,896,5,205,39200.00,'2019-05-25','2019-05-25',NULL,677),(7,624,13,260,33800.00,'2020-02-15','2020-02-16',NULL,678),(5,13,12,340,42000.00,'2019-09-05','2019-09-05',NULL,679),(8,311,4,99,42600.00,'2020-04-08','2020-04-08',NULL,680),(9,217,1,69,33900.00,'2020-04-05','2020-04-06',NULL,681),(12,374,14,24,5600.00,'2019-09-29','2019-09-30',NULL,682),(10,553,20,97,19000.00,'2020-04-17','2020-04-18',NULL,683),(10,740,11,11,31900.00,'2019-05-31','2019-05-31',NULL,684),(3,443,11,302,48900.00,'2019-08-02','2019-08-03',NULL,685),(1,646,7,365,18100.00,'2020-01-03','2020-01-03',NULL,686),(5,705,20,92,4900.00,'2019-09-21','2019-09-22',NULL,687),(10,897,20,356,6400.00,'2019-09-09','2019-09-09',NULL,688),(10,683,20,257,19400.00,'2020-03-13','2020-03-13',NULL,689),(5,131,20,99,19900.00,'2019-11-30','2019-12-01',NULL,690),(10,629,11,245,21700.00,'2019-10-03','2019-10-03',NULL,691),(3,481,4,26,38600.00,'2019-10-05','2019-10-05',NULL,692),(11,454,2,244,36800.00,'2019-09-28','2019-09-29',NULL,693),(2,151,15,53,48400.00,'2019-06-16','2019-06-17',NULL,694),(2,604,14,379,23000.00,'2020-04-03','2020-04-04',NULL,695),(12,893,18,324,25600.00,'2019-12-11','2019-12-12',NULL,696),(4,217,11,69,43900.00,'2020-02-22','2020-02-22',NULL,697),(8,688,16,373,26800.00,'2020-04-22','2020-04-23',NULL,698),(9,933,12,329,17400.00,'2020-03-09','2020-03-09',NULL,699),(1,965,14,344,2800.00,'2019-10-13','2019-10-14',NULL,700),(6,269,18,240,32400.00,'2019-07-11','2019-07-11',NULL,701),(7,839,2,19,21200.00,'2019-11-10','2019-11-11',NULL,702),(3,336,19,216,37100.00,'2020-02-14','2020-02-14',NULL,703),(8,919,18,317,33400.00,'2020-01-06','2020-01-07',NULL,704),(7,800,3,170,40100.00,'2020-03-31','2020-03-31',NULL,705),(9,40,19,358,39500.00,'2019-11-28','2019-11-29',NULL,706),(8,65,6,324,37600.00,'2019-07-13','2019-07-13',NULL,707),(2,541,4,22,17100.00,'2019-12-12','2019-12-12',NULL,708),(10,65,2,324,41600.00,'2019-08-04','2019-08-04',NULL,709),(12,999,7,68,13400.00,'2020-03-20','2020-03-20',NULL,710),(3,766,19,14,1400.00,'2019-11-08','2019-11-08',NULL,711),(5,38,10,70,24300.00,'2019-08-08','2019-08-09',NULL,712),(9,625,15,95,28300.00,'2019-06-01','2019-06-02',NULL,713),(7,146,3,217,36100.00,'2019-08-29','2019-08-29',NULL,714),(2,187,17,220,41400.00,'2020-02-25','2020-02-25',NULL,715),(12,175,2,257,13400.00,'2019-05-17','2019-05-18',NULL,716),(8,992,10,146,18600.00,'2020-04-23','2020-04-24',NULL,717),(4,825,13,344,35400.00,'2019-10-31','2019-10-31',NULL,718),(8,836,10,300,8200.00,'2019-12-23','2019-12-24',NULL,719),(4,485,8,350,45800.00,'2019-05-30','2019-05-31',NULL,720),(8,244,10,256,15700.00,'2019-06-07','2019-06-07',NULL,721),(12,660,1,67,5400.00,'2020-03-16','2020-03-16',NULL,722),(2,559,4,301,21500.00,'2019-10-22','2019-10-22',NULL,723),(11,499,4,366,48300.00,'2019-08-20','2019-08-20',NULL,724),(7,720,13,100,11700.00,'2019-08-11','2019-08-12',NULL,725),(11,948,20,155,15800.00,'2019-05-12','2019-05-12',NULL,726),(9,2,8,250,39100.00,'2019-10-17','2019-10-17',NULL,727),(1,199,18,94,18000.00,'2020-04-10','2020-04-11',NULL,728),(5,124,5,196,13500.00,'2020-02-02','2020-02-02',NULL,729),(8,412,20,265,45500.00,'2020-04-18','2020-04-19',NULL,730),(7,662,18,156,7700.00,'2019-10-27','2019-10-28',NULL,731),(1,58,15,82,9500.00,'2019-08-27','2019-08-27',NULL,732),(8,573,20,183,36700.00,'2020-02-23','2020-02-24',NULL,733),(2,649,18,47,41600.00,'2019-12-01','2019-12-01',NULL,734),(8,217,8,69,23400.00,'2020-02-24','2020-02-24',NULL,735),(9,202,3,327,26400.00,'2019-12-02','2019-12-02',NULL,736),(3,379,16,50,29200.00,'2020-02-05','2020-02-05',NULL,737),(2,51,2,342,44900.00,'2019-07-26','2019-07-26',NULL,738),(3,432,2,117,25600.00,'2020-04-01','2020-04-02',NULL,739),(9,751,4,373,30700.00,'2019-09-11','2019-09-11',NULL,740),(5,646,7,365,36100.00,'2020-02-18','2020-02-19',NULL,741),(6,339,3,32,40300.00,'2020-03-14','2020-03-15',NULL,742),(2,293,15,144,16900.00,'2019-06-13','2019-06-14',NULL,743),(5,406,16,157,23400.00,'2019-07-25','2019-07-25',NULL,744),(1,747,1,121,1100.00,'2019-05-05','2019-05-05',NULL,745),(7,839,12,19,4800.00,'2019-05-09','2019-05-10',NULL,746),(6,196,19,346,48500.00,'2019-12-02','2019-12-02',NULL,747),(9,129,14,386,39500.00,'2019-09-09','2019-09-10',NULL,748),(11,941,20,260,17600.00,'2019-06-20','2019-06-20',NULL,749),(8,697,9,131,43200.00,'2020-01-16','2020-01-16',NULL,750),(4,712,14,2,13500.00,'2019-09-03','2019-09-03',NULL,751),(6,197,9,88,13700.00,'2020-01-04','2020-01-04',NULL,752),(1,338,13,385,27700.00,'2020-02-05','2020-02-06',NULL,753),(4,685,1,158,31300.00,'2019-12-20','2019-12-20',NULL,754),(7,866,17,392,34200.00,'2020-01-19','2020-01-19',NULL,755),(6,208,14,323,5400.00,'2019-05-17','2019-05-17',NULL,756),(2,538,8,71,13200.00,'2019-09-04','2019-09-04',NULL,757),(4,41,13,101,49500.00,'2019-09-30','2019-10-01',NULL,758),(1,507,8,115,32900.00,'2020-03-19','2020-03-19',NULL,759),(6,494,18,228,28000.00,'2020-02-19','2020-02-20',NULL,760),(11,380,15,29,40000.00,'2019-05-09','2019-05-09',NULL,761),(1,250,16,210,36400.00,'2019-11-12','2019-11-13',NULL,762),(4,990,19,339,21600.00,'2019-06-29','2019-06-30',NULL,763),(1,976,16,125,41300.00,'2019-10-14','2019-10-14',NULL,764),(8,82,3,212,47000.00,'2019-09-06','2019-09-06',NULL,765),(8,355,8,295,39000.00,'2019-11-06','2019-11-06',NULL,766),(3,983,2,119,5100.00,'2019-08-31','2019-08-31',NULL,767),(3,419,3,348,42600.00,'2019-10-29','2019-10-30',NULL,768),(5,24,19,158,36800.00,'2020-01-28','2020-01-29',NULL,769),(1,218,13,163,19600.00,'2019-06-13','2019-06-14',NULL,770),(12,151,2,53,12900.00,'2019-07-14','2019-07-14',NULL,771),(10,274,7,330,36300.00,'2019-04-28','2019-04-29',NULL,772),(7,406,19,157,4800.00,'2019-10-15','2019-10-16',NULL,773),(5,789,20,259,29800.00,'2020-01-23','2020-01-24',NULL,774),(6,244,15,256,29800.00,'2019-12-04','2019-12-04',NULL,775),(9,939,3,288,23800.00,'2019-05-21','2019-05-21',NULL,776),(10,153,13,339,37900.00,'2019-05-17','2019-05-17',NULL,777),(10,156,5,371,19500.00,'2020-02-21','2020-02-21',NULL,778),(8,289,14,263,24000.00,'2019-08-12','2019-08-13',NULL,779),(9,2,4,250,39700.00,'2019-11-01','2019-11-01',NULL,780),(6,416,10,373,9400.00,'2019-11-06','2019-11-06',NULL,781),(5,54,4,125,9900.00,'2019-10-18','2019-10-19',NULL,782),(12,710,6,7,21100.00,'2020-04-04','2020-04-04',NULL,783),(2,275,1,44,6700.00,'2019-10-05','2019-10-05',NULL,784),(12,347,18,115,44700.00,'2019-08-08','2019-08-09',NULL,785),(9,532,15,358,37300.00,'2020-02-08','2020-02-08',NULL,786),(5,283,1,219,25300.00,'2019-07-18','2019-07-19',NULL,787),(5,855,1,389,1300.00,'2019-12-08','2019-12-08',NULL,788),(7,419,10,348,19600.00,'2020-03-11','2020-03-12',NULL,789),(11,790,19,274,18500.00,'2019-11-11','2019-11-11',NULL,790),(3,639,11,29,6000.00,'2020-02-28','2020-02-29',NULL,791),(3,790,11,274,19900.00,'2019-04-24','2019-04-25',NULL,792),(2,46,20,381,39800.00,'2019-10-27','2019-10-28',NULL,793),(4,921,4,327,49700.00,'2019-12-16','2019-12-16',NULL,794),(4,176,16,369,44500.00,'2019-11-17','2019-11-18',NULL,795),(6,438,1,17,46700.00,'2019-06-15','2019-06-15',NULL,796),(2,22,6,276,22200.00,'2019-11-15','2019-11-15',NULL,797),(6,940,4,130,31800.00,'2019-05-05','2019-05-06',NULL,798),(2,695,1,246,33400.00,'2020-04-19','2020-04-20',NULL,799),(10,897,20,356,13100.00,'2019-10-06','2019-10-07',NULL,800);
/*!40000 ALTER TABLE `medical_test_history` ENABLE KEYS */;
UNLOCK TABLES;
/*!50003 SET @saved_cs_client      = @@character_set_client */ ;
/*!50003 SET @saved_cs_results     = @@character_set_results */ ;
/*!50003 SET @saved_col_connection = @@collation_connection */ ;
/*!50003 SET character_set_client  = utf8mb4 */ ;
/*!50003 SET character_set_results = utf8mb4 */ ;
/*!50003 SET collation_connection  = utf8mb4_0900_ai_ci */ ;
/*!50003 SET @saved_sql_mode       = @@sql_mode */ ;
/*!50003 SET sql_mode              = 'ONLY_FULL_GROUP_BY,STRICT_TRANS_TABLES,NO_ZERO_IN_DATE,NO_ZERO_DATE,ERROR_FOR_DIVISION_BY_ZERO,NO_ENGINE_SUBSTITUTION' */ ;
DELIMITER ;;
/*!50003 CREATE*/ /*!50017 DEFINER=`root`@`localhost`*/ /*!50003 TRIGGER `insert_patient_history` AFTER INSERT ON `medical_test_history` FOR EACH ROW BEGIN
    INSERT INTO patient_history (patient_ID, test_date, amount)
    VALUES (NEW.patient_ID, NEW.test_date, NEW.amount);
END */;;
DELIMITER ;
/*!50003 SET sql_mode              = @saved_sql_mode */ ;
/*!50003 SET character_set_client  = @saved_cs_client */ ;
/*!50003 SET character_set_results = @saved_cs_results */ ;
/*!50003 SET collation_connection  = @saved_col_connection */ ;

--
-- Table structure for table `medical_tests`
--

DROP TABLE IF EXISTS `medical_tests`;
/*!40101 SET @saved_cs_client     = @@character_set_client */;
/*!50503 SET character_set_client = utf8mb4 */;
CREATE TABLE `medical_tests` (
  `test_ID` int NOT NULL,
  `test_name` varchar(100) NOT NULL,
  `prerequisites` varchar(500) NOT NULL,
  PRIMARY KEY (`test_ID`),
  KEY `index_key` (`test_name`)
) ENGINE=InnoDB DEFAULT CHARSET=utf8mb4 COLLATE=utf8mb4_0900_ai_ci;
/*!40101 SET character_set_client = @saved_cs_client */;

--
-- Dumping data for table `medical_tests`
--

LOCK TABLES `medical_tests` WRITE;
/*!40000 ALTER TABLE `medical_tests` DISABLE KEYS */;
INSERT INTO `medical_tests` VALUES (1,'CT scan','No eating or drinking for 4 hours before test'),(2,'X-ray','Wear protective gloves and apron'),(3,'Urine test','Avoid intense athletic training or heavy physical work before the test'),(4,'Blood test','Avoiding all food and beverages (except for water) for 8 to 12 hours prior to the test'),(5,'Angiogram','Don\'t eat or drink anything after midnight before your angiogram'),(6,'Endoscopy','You will need to stop drinking and eating up to eight hours before your endoscopy'),(7,'Stool Test','Urinate before collecting the stool'),(8,'Blood Pressure','Avoid food caffeine tobacco and alcohol for 30 minutes before taking a measurement. Go to the toilet first.'),(9,'Pelvic Exam','Avoid vaginal intercourse or  inserting anything into your vagina and douching or at least 24 hours before your pelvic exam'),(10,'Liver Biopsy ','No eating or drinking for 6 to 8 hours before test'),(11,'Abdominal Ultrasound','Eat fat free meal the evening before the test'),(12,'Adenosine Deaminase Test','Consult your doctor if you are on any medication');
/*!40000 ALTER TABLE `medical_tests` ENABLE KEYS */;
UNLOCK TABLES;

--
-- Table structure for table `medicines`
--

DROP TABLE IF EXISTS `medicines`;
/*!40101 SET @saved_cs_client     = @@character_set_client */;
/*!50503 SET character_set_client = utf8mb4 */;
CREATE TABLE `medicines` (
  `medicine_name` varchar(100) NOT NULL,
  `composition` varchar(500) NOT NULL,
  `price` int NOT NULL DEFAULT '0',
  PRIMARY KEY (`medicine_name`),
  KEY `index_key` (`medicine_name`)
) ENGINE=InnoDB DEFAULT CHARSET=utf8mb4 COLLATE=utf8mb4_0900_ai_ci;
/*!40101 SET character_set_client = @saved_cs_client */;

--
-- Dumping data for table `medicines`
--

LOCK TABLES `medicines` WRITE;
/*!40000 ALTER TABLE `medicines` DISABLE KEYS */;
INSERT INTO `medicines` VALUES ('acetaminophen','hypromellose magnesium stearate powdered cellulose pregelatinized starch',1571),('acyclovir','magnesium stearate microcrystalline cellulose povidone and sodium starch glycolate',1353),('aggrenox','dipyridamole',2086),('aspirin','acetylsalicylic acid',2748),('azithromycin','azithromycin dihydrate',1287),('ceftriaxone','ceftriaxone sodium',2569),('cetirizine','cetirizine hydrochloride',1041),('cidofovir','pyrimidone derivative and a protected derivative of glycidol',1082),('crotamiton','alcohol and with methanol',2396),('doxycycline','oxytetracycline',599),('erythromycin','(3R,4S,5S,6R,7R,9R,11R,12R,13S,14R)-6- {[(2S,3R,4S,6R)-4-(dimethylamino)-3-hydroxy-6-methyloxan-2-yl]oxy}- 14-ethyl-7,12,13-trihydroxy-4-{[(2R,4R,5S,6S)- 5-hydroxy-4-methoxy-4,6-dimethyloxan-2-yl]oxy}- 3,5,7,9,11,13-hexamethyl-1-oxacyclotetradecane-2,10-dione',517),('gamastan s/d','immune globulin',1056),('ibuprofen','2 - (p - isobutylphenyl) propionic acid',1897),('moxifloxacin','moxifloxacin hydrochloride',2508),('paracetamol','ortho and para-nitrotoluene',2739),('permethrin cream','cyclopropanecarboxylate ester',2680),('privigen','human plasma protein 100g/L with a purity of at least 98% immunoglobulin G',996),('relenza','5 mg of zanamivir and 20 mg of lactose',2775),('ribavirin','gelatin sodium lauryl sulfate silicon dioxide and titanium dioxide',2656),('tamiflu','croscarmellose sodium povidone K30 pregelatinized starch sodium stearyl fumarate and talc',2443),('ursodiol','caprylic capric triglycerides copovidone hypromellose microcrystalline cellulose magnesium stearate',702),('warfarin','warfarin sodium',1256);
/*!40000 ALTER TABLE `medicines` ENABLE KEYS */;
UNLOCK TABLES;

--
-- Table structure for table `medicines_in_pharmacy`
--

DROP TABLE IF EXISTS `medicines_in_pharmacy`;
/*!40101 SET @saved_cs_client     = @@character_set_client */;
/*!50503 SET character_set_client = utf8mb4 */;
CREATE TABLE `medicines_in_pharmacy` (
  `medicine_name` varchar(100) NOT NULL,
  `pharmacy_ID` int NOT NULL,
  `price` decimal(10,2) NOT NULL,
  PRIMARY KEY (`pharmacy_ID`,`medicine_name`),
  KEY `index_key` (`medicine_name`)
) ENGINE=InnoDB DEFAULT CHARSET=utf8mb4 COLLATE=utf8mb4_0900_ai_ci;
/*!40101 SET character_set_client = @saved_cs_client */;

--
-- Dumping data for table `medicines_in_pharmacy`
--

LOCK TABLES `medicines_in_pharmacy` WRITE;
/*!40000 ALTER TABLE `medicines_in_pharmacy` DISABLE KEYS */;
INSERT INTO `medicines_in_pharmacy` VALUES ('acyclovir',1,1100.00),('aggrenox',1,310.00),('aspirin',1,480.00),('azithromycin',1,1280.00),('ceftriaxone',1,760.00),('cetirizine',1,1550.00),('doxycycline',1,1940.00),('ibuprofen',1,1560.00),('paracetamol',1,500.00),('permethrin cream',1,160.00),('ribavirin',1,1000.00),('ursodiol',1,890.00),('aggrenox',2,1530.00),('aspirin',2,1400.00),('azithromycin',2,1900.00),('ceftriaxone',2,1770.00),('cetirizine',2,1580.00),('cidofovir',2,1470.00),('crotamiton',2,110.00),('gamastan s/d',2,1220.00),('ibuprofen',2,1520.00),('moxifloxacin',2,1460.00),('paracetamol',2,1600.00),('privigen',2,750.00),('ribavirin',2,110.00),('tamiflu',2,1060.00),('ursodiol',2,1570.00),('acyclovir',3,1390.00),('aggrenox',3,480.00),('aspirin',3,1420.00),('azithromycin',3,1400.00),('ceftriaxone',3,530.00),('cetirizine',3,100.00),('crotamiton',3,1200.00),('doxycycline',3,1850.00),('erythromycin',3,1210.00),('gamastan s/d',3,1660.00),('moxifloxacin',3,540.00),('paracetamol',3,770.00),('permethrin cream',3,950.00),('privigen',3,820.00),('relenza',3,260.00),('tamiflu',3,1370.00),('warfarin',3,970.00),('acetaminophen',4,110.00),('acyclovir',4,500.00),('aggrenox',4,1210.00),('aspirin',4,460.00),('azithromycin',4,580.00),('ceftriaxone',4,110.00),('cetirizine',4,1780.00),('cidofovir',4,620.00),('crotamiton',4,410.00),('doxycycline',4,1430.00),('erythromycin',4,690.00),('gamastan s/d',4,1170.00),('moxifloxacin',4,460.00),('paracetamol',4,1980.00),('permethrin cream',4,1510.00),('privigen',4,850.00),('relenza',4,780.00),('ribavirin',4,700.00),('ursodiol',4,740.00),('warfarin',4,310.00),('acetaminophen',5,1230.00),('acyclovir',5,160.00),('aggrenox',5,1070.00),('aspirin',5,1610.00),('ceftriaxone',5,780.00),('cetirizine',5,910.00),('cidofovir',5,1230.00),('crotamiton',5,2000.00),('gamastan s/d',5,1520.00),('moxifloxacin',5,1550.00),('paracetamol',5,950.00),('permethrin cream',5,1120.00),('privigen',5,1090.00),('ribavirin',5,930.00),('ursodiol',5,190.00),('warfarin',5,1090.00),('acyclovir',6,160.00),('aggrenox',6,1010.00),('aspirin',6,1950.00),('azithromycin',6,1520.00),('ceftriaxone',6,1210.00),('cetirizine',6,750.00),('crotamiton',6,1770.00),('doxycycline',6,690.00),('gamastan s/d',6,1030.00),('ibuprofen',6,800.00),('permethrin cream',6,970.00),('privigen',6,1880.00),('relenza',6,910.00),('ribavirin',6,870.00),('ursodiol',6,1770.00),('warfarin',6,380.00),('acetaminophen',7,1000.00),('aggrenox',7,1400.00),('azithromycin',7,390.00),('crotamiton',7,120.00),('doxycycline',7,1230.00),('erythromycin',7,480.00),('gamastan s/d',7,1040.00),('moxifloxacin',7,160.00),('paracetamol',7,1840.00),('permethrin cream',7,1610.00),('relenza',7,430.00),('ribavirin',7,1000.00),('ursodiol',7,780.00),('acetaminophen',8,1020.00),('acyclovir',8,470.00),('aggrenox',8,800.00),('aspirin',8,320.00),('azithromycin',8,1990.00),('ceftriaxone',8,1170.00),('cidofovir',8,390.00),('crotamiton',8,960.00),('doxycycline',8,1240.00),('gamastan s/d',8,700.00),('permethrin cream',8,940.00),('ribavirin',8,1920.00),('tamiflu',8,1660.00),('ursodiol',8,1820.00),('warfarin',8,590.00),('acetaminophen',9,620.00),('acyclovir',9,720.00),('aggrenox',9,820.00),('azithromycin',9,1880.00),('ceftriaxone',9,580.00),('cetirizine',9,1330.00),('cidofovir',9,1020.00),('crotamiton',9,1950.00),('gamastan s/d',9,1290.00),('moxifloxacin',9,500.00),('ribavirin',9,1700.00),('tamiflu',9,820.00),('warfarin',9,1880.00),('acetaminophen',10,1130.00),('acyclovir',10,400.00),('aggrenox',10,1490.00),('ceftriaxone',10,890.00),('cidofovir',10,670.00),('crotamiton',10,1530.00),('doxycycline',10,1770.00),('ibuprofen',10,480.00),('paracetamol',10,1280.00),('permethrin cream',10,130.00),('privigen',10,1310.00),('ribavirin',10,130.00),('tamiflu',10,1840.00),('acetaminophen',11,1440.00),('acyclovir',11,1610.00),('aggrenox',11,620.00),('aspirin',11,750.00),('cidofovir',11,410.00),('doxycycline',11,1320.00),('erythromycin',11,1760.00),('ibuprofen',11,490.00),('moxifloxacin',11,870.00),('paracetamol',11,1860.00),('permethrin cream',11,530.00),('relenza',11,880.00),('tamiflu',11,800.00),('acetaminophen',12,490.00),('acyclovir',12,550.00),('aggrenox',12,1740.00),('aspirin',12,1030.00),('ceftriaxone',12,140.00),('cetirizine',12,1330.00),('doxycycline',12,1370.00),('erythromycin',12,390.00),('moxifloxacin',12,510.00),('paracetamol',12,860.00),('permethrin cream',12,910.00),('privigen',12,1150.00),('relenza',12,730.00),('ursodiol',12,750.00),('warfarin',12,990.00),('acetaminophen',13,810.00),('aspirin',13,1820.00),('azithromycin',13,300.00),('ceftriaxone',13,750.00),('cetirizine',13,590.00),('cidofovir',13,1440.00),('crotamiton',13,710.00),('doxycycline',13,1180.00),('gamastan s/d',13,840.00),('ibuprofen',13,1700.00),('moxifloxacin',13,150.00),('paracetamol',13,440.00),('permethrin cream',13,480.00),('privigen',13,890.00),('ribavirin',13,1600.00),('ursodiol',13,1060.00),('acetaminophen',14,830.00),('acyclovir',14,1070.00),('aggrenox',14,570.00),('aspirin',14,1840.00),('cidofovir',14,1760.00),('crotamiton',14,1990.00),('doxycycline',14,120.00),('erythromycin',14,1090.00),('gamastan s/d',14,240.00),('ibuprofen',14,1940.00),('moxifloxacin',14,1450.00),('paracetamol',14,1740.00),('permethrin cream',14,1830.00),('relenza',14,1240.00),('ribavirin',14,1750.00),('ursodiol',14,270.00),('warfarin',14,1490.00),('acetaminophen',15,910.00),('aggrenox',15,880.00),('azithromycin',15,1380.00),('ceftriaxone',15,930.00),('cetirizine',15,400.00),('cidofovir',15,1540.00),('doxycycline',15,1320.00),('erythromycin',15,1910.00),('gamastan s/d',15,430.00),('ibuprofen',15,1230.00),('moxifloxacin',15,660.00),('paracetamol',15,1680.00),('permethrin cream',15,1800.00),('tamiflu',15,600.00),('ursodiol',15,440.00),('acetaminophen',16,1340.00),('acyclovir',16,2000.00),('aspirin',16,1170.00),('azithromycin',16,890.00),('ceftriaxone',16,560.00),('cidofovir',16,1200.00),('crotamiton',16,580.00),('doxycycline',16,1510.00),('gamastan s/d',16,1190.00),('ibuprofen',16,1750.00),('paracetamol',16,520.00),('privigen',16,1850.00),('relenza',16,1380.00),('ursodiol',16,1620.00),('warfarin',16,360.00),('acetaminophen',17,1440.00),('acyclovir',17,1310.00),('aggrenox',17,1930.00),('aspirin',17,1760.00),('azithromycin',17,1580.00),('ceftriaxone',17,1070.00),('cetirizine',17,790.00),('cidofovir',17,1160.00),('crotamiton',17,1730.00),('doxycycline',17,1440.00),('erythromycin',17,670.00),('ibuprofen',17,510.00),('moxifloxacin',17,1810.00),('privigen',17,430.00),('relenza',17,870.00),('ursodiol',17,1950.00),('acyclovir',18,1440.00),('ceftriaxone',18,970.00),('cidofovir',18,1720.00),('doxycycline',18,830.00),('erythromycin',18,860.00),('ibuprofen',18,570.00),('paracetamol',18,1840.00),('permethrin cream',18,670.00),('privigen',18,1110.00),('relenza',18,590.00),('ribavirin',18,1000.00),('tamiflu',18,1620.00),('warfarin',18,1780.00),('aggrenox',19,170.00),('aspirin',19,550.00),('azithromycin',19,1030.00),('ceftriaxone',19,290.00),('cetirizine',19,1360.00),('cidofovir',19,1410.00),('erythromycin',19,500.00),('gamastan s/d',19,1540.00),('ibuprofen',19,500.00),('paracetamol',19,650.00),('privigen',19,180.00),('tamiflu',19,1560.00),('warfarin',19,1320.00),('acyclovir',20,300.00),('aggrenox',20,1540.00),('aspirin',20,1520.00),('azithromycin',20,720.00),('ceftriaxone',20,280.00),('cidofovir',20,1730.00),('crotamiton',20,210.00),('doxycycline',20,340.00),('gamastan s/d',20,1350.00),('ibuprofen',20,1380.00),('moxifloxacin',20,470.00),('paracetamol',20,760.00),('ribavirin',20,620.00),('tamiflu',20,420.00),('ursodiol',20,880.00);
/*!40000 ALTER TABLE `medicines_in_pharmacy` ENABLE KEYS */;
UNLOCK TABLES;

--
-- Table structure for table `pathological_labs`
--

DROP TABLE IF EXISTS `pathological_labs`;
/*!40101 SET @saved_cs_client     = @@character_set_client */;
/*!50503 SET character_set_client = utf8mb4 */;
CREATE TABLE `pathological_labs` (
  `lab_ID` int NOT NULL,
  `name` varchar(100) NOT NULL,
  `street_address` varchar(100) NOT NULL,
  `locality` varchar(100) NOT NULL,
  `city` varchar(100) NOT NULL,
  `state` varchar(100) NOT NULL,
  `list_of_tests` varchar(100) NOT NULL,
  `address` varchar(100) GENERATED ALWAYS AS (concat(`street_address`,_utf8mb4', ',`locality`,_utf8mb4', ',`city`,_utf8mb4', ',`state`)) VIRTUAL NOT NULL,
  PRIMARY KEY (`lab_ID`),
  KEY `index_key` (`locality`)
) ENGINE=InnoDB DEFAULT CHARSET=utf8mb4 COLLATE=utf8mb4_0900_ai_ci;
/*!40101 SET character_set_client = @saved_cs_client */;

--
-- Dumping data for table `pathological_labs`
--

LOCK TABLES `pathological_labs` WRITE;
/*!40000 ALTER TABLE `pathological_labs` DISABLE KEYS */;
INSERT INTO `pathological_labs` (`lab_ID`, `name`, `street_address`, `locality`, `city`, `state`, `list_of_tests`) VALUES (1,'Medilife International Lab','999 North Pass','Rithala','Anaheim','California','CT Scan Pelvic Exam'),(2,'Healwell24','1047 Sommers Road','Pitam Pura','Santa Fe','New Mexico','CT Scan Urine test'),(3,'Zoylo Digihealth','4495 Tennessee Point','Shalimar Bagh','Milwaukee','Wisconsin','Angiogram X ray'),(4,'Janta Pathology Lab','26655 Delladonna Park','Rohini Sub City','Jacksonville','Florida','CT Scan Pelvic Exam'),(5,'SRL Diagnostics','5 American Ash Place','Bawana','Duluth','Georgia','Blood Test Angiogram X ray'),(6,'Metropolis Healthcare','0461 Susan Hill','Pitam Pura','Schenectady','New York','Urine Test Blood Test'),(7,'Lifeview Diagnostics','185 Schurz Parkway','Karala','Katy','Texas','Urine Test Blood Test'),(8,'Verma Pathology Lab','3 Cardinal Avenue','Kingsway Camp','Fullerton','California','CT Scan Pelvic Exam'),(9,'Life Care Pathology Lab','8271 Hermina Hill','Rani Bagh','Augusta','Georgia','CT Scan Urine Test X ray'),(10,'Khatri Diagnostics','45346 Lukken Place','Kohat Enclave','Henderson','Nevada','Blood Test Angiogram X ray'),(11,'Gopal Pathology Lab','6 Dwight Circle','Kingsway Camp','Santa Fe','New Mexico','Blood Test Angiogram X ray'),(12,'Paras Pathology','8 Ilene Center','Keshav Puram','New Orleans','Louisiana','Angiogram X ray'),(13,'Apollo Pathology Lab','1 Eagle Crest Alley','Kohat Enclave','Portland','Oregon','Angiogram X ray'),(14,'Galaxy Pathology Lab','88 Trailsway Drive','Rani Bagh','Albuquerque','New Mexico','CT Scan Urine test'),(15,'Kotak Lab','17965 Butterfield Road','Narela','Pueblo','Colorado','CT Scan Pelvic Exam'),(16,'Sanjeevani Pathology Lab','142 2nd Terrace','Dhaka','Louisville','Kentucky','CT Scan Pelvic Exam'),(17,'Nagesh Diagnostics','16 Laurel Place','Begum Pur','Falls Church','Virginia','Blood Test Angiogram X ray'),(18,'B-Health Care','4696 Browning Circle','Dhaka','El Paso','Texas','Urine Test Blood Test'),(19,'Saburbun Diagnostics','0 Bashford Crossing','Kohat Enclave','Indianapolis','Indiana','CT Scan Urine Test X ray'),(20,'Patil Path Labs','68050 Bunting Drive','Begum Pur','Grand Rapids','Michigan','CT Scan Pelvic Exam');
/*!40000 ALTER TABLE `pathological_labs` ENABLE KEYS */;
UNLOCK TABLES;

--
-- Table structure for table `patient_history`
--

DROP TABLE IF EXISTS `patient_history`;
/*!40101 SET @saved_cs_client     = @@character_set_client */;
/*!50503 SET character_set_client = utf8mb4 */;
CREATE TABLE `patient_history` (
  `record_ID` int NOT NULL,
  `patient_ID` int NOT NULL,
  `doctor_ID` int NOT NULL,
  `prescription_report` blob,
  `disease_detected_date` date NOT NULL,
  `treatment_end_date` date NOT NULL,
  `hospital_ID` int NOT NULL,
  PRIMARY KEY (`record_ID`),
  KEY `doctor_ID` (`doctor_ID`),
  KEY `hospital_ID` (`hospital_ID`),
  KEY `index_key` (`patient_ID`),
  CONSTRAINT `patient_history_ibfk_2` FOREIGN KEY (`patient_ID`) REFERENCES `patients` (`patient_ID`) ON DELETE CASCADE ON UPDATE CASCADE,
  CONSTRAINT `patient_history_ibfk_3` FOREIGN KEY (`doctor_ID`) REFERENCES `doctors` (`doctor_ID`) ON DELETE CASCADE ON UPDATE CASCADE,
  CONSTRAINT `patient_history_ibfk_4` FOREIGN KEY (`hospital_ID`) REFERENCES `hospitals` (`hospital_ID`) ON DELETE CASCADE ON UPDATE CASCADE,
  CONSTRAINT `patient_history_chk_1` CHECK ((`disease_detected_date` < `treatment_end_date`))
) ENGINE=InnoDB DEFAULT CHARSET=utf8mb4 COLLATE=utf8mb4_0900_ai_ci;
/*!40101 SET character_set_client = @saved_cs_client */;

--
-- Dumping data for table `patient_history`
--

LOCK TABLES `patient_history` WRITE;
/*!40000 ALTER TABLE `patient_history` DISABLE KEYS */;
INSERT INTO `patient_history` VALUES (1,241,277,NULL,'2019-09-21','2019-10-27',14),(2,250,318,NULL,'2019-10-30','2019-12-24',19),(3,388,299,NULL,'2019-06-14','2019-06-28',10),(4,129,388,NULL,'2019-07-16','2019-09-26',3),(5,81,271,NULL,'2020-02-13','2020-03-18',11),(6,328,372,NULL,'2019-08-16','2019-11-04',5),(7,384,301,NULL,'2019-10-14','2019-12-27',16),(8,188,215,NULL,'2019-07-20','2019-10-05',19),(9,8,77,NULL,'2019-12-02','2020-03-07',19),(10,12,120,NULL,'2019-12-02','2020-02-06',4),(11,45,338,NULL,'2019-10-05','2019-12-06',8),(12,121,1,NULL,'2019-09-06','2019-10-10',14),(13,340,372,NULL,'2019-06-06','2019-08-14',5),(14,90,140,NULL,'2019-11-07','2019-11-24',2),(15,259,232,NULL,'2019-10-06','2019-11-22',5),(16,23,13,NULL,'2019-07-02','2019-09-16',1),(17,185,95,NULL,'2019-09-26','2019-12-22',9),(18,134,271,NULL,'2019-12-15','2019-12-30',11),(19,392,146,NULL,'2020-01-25','2020-04-07',1),(20,209,325,NULL,'2019-05-06','2019-05-20',7),(21,120,217,NULL,'2019-07-05','2019-09-14',2),(22,276,330,NULL,'2019-06-08','2019-09-07',1),(23,204,206,NULL,'2020-02-18','2020-04-13',7),(24,158,320,NULL,'2019-07-28','2019-09-29',6),(25,366,258,NULL,'2019-10-07','2020-01-08',17),(26,178,66,NULL,'2020-02-11','2020-03-22',13),(27,369,137,NULL,'2019-10-20','2019-11-07',14),(28,100,82,NULL,'2019-10-24','2020-01-05',11),(29,339,172,NULL,'2019-07-24','2019-09-29',6),(30,243,167,NULL,'2020-03-08','2020-06-12',17),(31,196,15,NULL,'2019-12-05','2020-01-07',11),(32,227,303,NULL,'2019-08-05','2019-08-26',4),(33,32,163,NULL,'2019-10-17','2019-11-12',16),(34,222,378,NULL,'2019-12-04','2020-01-03',11),(35,315,372,NULL,'2019-07-29','2019-09-26',5),(36,140,383,NULL,'2019-08-16','2019-08-31',2),(37,180,106,NULL,'2019-08-12','2019-09-11',4),(38,70,70,NULL,'2020-03-01','2020-04-06',4),(39,179,337,NULL,'2019-08-02','2019-11-09',6),(40,358,234,NULL,'2020-01-08','2020-04-11',8),(41,101,381,NULL,'2019-06-19','2019-07-28',10),(42,236,2,NULL,'2020-01-29','2020-02-19',15),(43,217,339,NULL,'2020-03-06','2020-06-11',18),(44,39,334,NULL,'2019-06-19','2019-08-13',13),(45,203,363,NULL,'2019-12-21','2020-03-09',16),(46,381,131,NULL,'2020-01-20','2020-03-30',14),(47,365,266,NULL,'2020-01-01','2020-04-06',11),(48,275,132,NULL,'2019-09-19','2019-10-10',19),(49,153,334,NULL,'2020-04-11','2020-05-21',13),(50,345,218,NULL,'2019-11-26','2020-02-12',6),(51,342,331,NULL,'2020-01-01','2020-03-10',12),(52,126,6,NULL,'2020-03-15','2020-05-19',20),(53,162,368,NULL,'2020-04-11','2020-07-14',6),(54,125,208,NULL,'2020-03-18','2020-05-04',6),(55,217,171,NULL,'2019-11-12','2019-11-22',3),(56,48,308,NULL,'2019-07-23','2019-10-14',16),(57,221,18,NULL,'2019-07-20','2019-08-25',9),(58,82,347,NULL,'2020-04-17','2020-05-15',16),(59,164,159,NULL,'2020-02-06','2020-05-02',14),(60,353,238,NULL,'2019-05-09','2019-06-30',4),(61,181,132,NULL,'2020-04-16','2020-06-08',19),(62,162,99,NULL,'2020-01-29','2020-03-02',17),(63,212,54,NULL,'2020-04-19','2020-05-22',2),(64,105,346,NULL,'2019-05-24','2019-07-29',12),(65,324,183,NULL,'2019-10-15','2019-12-07',4),(66,159,292,NULL,'2020-02-02','2020-03-23',19),(67,400,309,NULL,'2019-07-14','2019-07-24',13),(68,379,152,NULL,'2019-09-19','2019-11-25',10),(69,292,67,NULL,'2020-03-13','2020-04-07',3),(70,150,48,NULL,'2019-05-27','2019-06-14',13),(71,238,154,NULL,'2019-08-16','2019-09-19',18),(72,43,96,NULL,'2020-03-20','2020-06-02',13),(73,136,384,NULL,'2019-06-09','2019-08-16',2),(74,368,243,NULL,'2020-01-08','2020-02-25',8),(75,367,3,NULL,'2019-10-29','2020-01-26',15),(76,141,283,NULL,'2020-01-23','2020-04-17',13),(77,150,374,NULL,'2020-03-14','2020-04-18',17),(78,214,145,NULL,'2019-05-15','2019-08-09',2),(79,272,192,NULL,'2020-04-23','2020-07-28',14),(80,16,193,NULL,'2019-07-04','2019-09-20',5),(81,77,316,NULL,'2019-06-03','2019-06-15',19),(82,212,1,NULL,'2020-02-05','2020-04-18',14),(83,192,341,NULL,'2020-02-15','2020-05-01',4),(84,338,59,NULL,'2019-08-31','2019-09-10',11),(85,93,304,NULL,'2019-11-05','2020-02-03',10),(86,330,96,NULL,'2019-10-30','2019-12-12',13),(87,210,312,NULL,'2019-10-14','2020-01-18',20),(88,53,349,NULL,'2019-11-09','2019-12-06',1),(89,16,100,NULL,'2020-03-15','2020-06-04',20),(90,368,100,NULL,'2020-02-29','2020-03-10',20),(91,118,315,NULL,'2019-06-07','2019-08-15',8),(92,89,106,NULL,'2019-11-04','2019-11-26',4),(93,243,270,NULL,'2019-09-08','2019-11-05',20),(94,227,166,NULL,'2019-11-19','2019-12-30',4),(95,226,332,NULL,'2019-12-28','2020-03-22',2),(96,216,326,NULL,'2019-09-10','2019-09-29',3),(97,16,54,NULL,'2019-05-17','2019-05-27',2),(98,324,202,NULL,'2019-08-31','2019-09-26',20),(99,338,263,NULL,'2019-05-08','2019-06-03',9),(100,74,240,NULL,'2019-10-27','2020-01-13',8),(101,78,225,NULL,'2019-12-31','2020-02-15',12),(102,290,63,NULL,'2019-11-16','2019-12-19',2),(103,7,19,NULL,'2020-01-13','2020-04-03',8),(104,62,187,NULL,'2019-10-22','2020-01-14',9),(105,400,240,NULL,'2020-02-18','2020-03-30',8),(106,217,67,NULL,'2019-12-08','2020-02-04',3),(107,71,187,NULL,'2020-01-21','2020-03-12',9),(108,309,297,NULL,'2020-02-13','2020-02-24',2),(109,205,292,NULL,'2019-06-23','2019-08-22',19),(110,69,175,NULL,'2019-08-09','2019-08-29',11),(111,381,245,NULL,'2019-12-21','2020-01-15',2),(112,210,318,NULL,'2019-05-24','2019-08-04',19),(113,333,398,NULL,'2019-11-06','2020-02-06',17),(114,300,19,NULL,'2019-09-02','2019-10-13',8),(115,288,241,NULL,'2019-06-01','2019-08-02',11),(116,88,314,NULL,'2019-06-26','2019-09-02',19),(117,391,368,NULL,'2020-02-07','2020-04-16',6),(118,62,222,NULL,'2020-03-31','2020-05-17',20),(119,33,49,NULL,'2019-11-09','2020-02-15',20),(120,162,92,NULL,'2019-04-29','2019-07-23',15),(121,84,30,NULL,'2020-02-09','2020-04-01',16),(122,372,20,NULL,'2019-10-06','2019-12-16',3),(123,175,214,NULL,'2019-09-05','2019-12-05',10),(124,196,201,NULL,'2019-06-18','2019-09-11',16),(125,227,287,NULL,'2019-08-28','2019-09-12',16),(126,388,271,NULL,'2019-10-09','2019-12-10',11),(127,208,150,NULL,'2019-08-07','2019-09-19',18),(128,13,327,NULL,'2019-08-24','2019-11-28',4),(129,386,229,NULL,'2019-05-01','2019-05-29',1),(130,258,102,NULL,'2020-01-29','2020-04-11',4),(131,99,170,NULL,'2020-04-19','2020-06-20',6),(132,279,233,NULL,'2019-11-13','2020-02-12',13),(133,250,94,NULL,'2020-01-07','2020-02-12',8),(134,368,60,NULL,'2019-08-21','2019-10-12',7),(135,81,284,NULL,'2019-08-06','2019-11-13',7),(136,15,189,NULL,'2020-03-30','2020-04-18',7),(137,269,160,NULL,'2020-03-17','2020-06-15',3),(138,32,271,NULL,'2019-11-19','2020-02-02',11),(139,264,216,NULL,'2020-04-21','2020-07-13',4),(140,12,90,NULL,'2019-07-12','2019-08-01',5),(141,345,35,NULL,'2019-08-31','2019-09-11',2),(142,41,186,NULL,'2019-09-07','2019-10-01',7),(143,279,185,NULL,'2019-07-01','2019-09-22',1),(144,180,321,NULL,'2019-08-26','2019-11-14',13),(145,244,137,NULL,'2019-11-18','2020-01-26',14),(146,217,288,NULL,'2019-06-06','2019-07-03',3),(147,253,340,NULL,'2019-12-05','2020-01-14',8),(148,29,180,NULL,'2020-03-11','2020-06-05',10),(149,220,86,NULL,'2019-05-09','2019-07-24',19),(150,318,310,NULL,'2020-04-02','2020-05-16',5),(151,53,22,NULL,'2019-11-07','2020-01-15',14),(152,207,196,NULL,'2019-08-11','2019-10-06',2),(153,339,19,NULL,'2019-05-30','2019-08-09',8),(154,26,30,NULL,'2020-04-10','2020-07-13',16),(155,81,210,NULL,'2019-11-18','2019-12-05',2),(156,371,94,NULL,'2019-06-30','2019-08-10',8),(157,364,204,NULL,'2019-04-28','2019-07-22',2),(158,19,256,NULL,'2019-06-17','2019-08-13',4),(159,151,382,NULL,'2019-10-25','2019-11-29',4),(160,225,92,NULL,'2020-01-19','2020-02-25',15),(161,301,102,NULL,'2019-06-05','2019-07-30',4),(162,129,100,NULL,'2020-04-11','2020-07-20',20),(163,17,373,NULL,'2020-04-13','2020-07-20',13),(164,102,207,NULL,'2019-11-07','2020-02-12',3),(165,279,386,NULL,'2019-09-30','2019-10-23',3),(166,390,68,NULL,'2020-02-15','2020-03-02',20),(167,107,173,NULL,'2019-06-01','2019-08-08',19),(168,33,125,NULL,'2019-08-18','2019-10-08',4),(169,166,326,NULL,'2020-02-06','2020-03-27',3),(170,54,91,NULL,'2019-07-03','2019-09-26',10),(171,28,325,NULL,'2019-08-01','2019-10-18',7),(172,162,254,NULL,'2019-05-18','2019-05-28',10),(173,134,220,NULL,'2020-04-02','2020-07-09',4),(174,131,64,NULL,'2020-01-01','2020-03-27',5),(175,257,77,NULL,'2019-06-15','2019-09-02',19),(176,369,358,NULL,'2019-05-31','2019-07-02',18),(177,254,44,NULL,'2019-07-31','2019-10-02',17),(178,83,150,NULL,'2020-04-18','2020-07-03',18),(179,76,376,NULL,'2019-05-03','2019-07-06',12),(180,137,93,NULL,'2019-08-25','2019-12-03',1),(181,100,64,NULL,'2019-11-15','2019-12-26',5),(182,46,288,NULL,'2019-10-08','2020-01-03',3),(183,73,92,NULL,'2020-04-08','2020-07-16',15),(184,185,258,NULL,'2019-06-21','2019-07-07',17),(185,35,341,NULL,'2020-01-16','2020-04-20',4),(186,261,399,NULL,'2019-10-09','2019-12-19',16),(187,220,156,NULL,'2019-12-09','2019-12-26',5),(188,382,83,NULL,'2020-03-21','2020-04-16',2),(189,280,94,NULL,'2020-04-02','2020-04-29',8),(190,83,56,NULL,'2019-06-30','2019-08-17',9),(191,21,49,NULL,'2019-06-18','2019-09-08',20),(192,112,71,NULL,'2020-04-03','2020-05-27',13),(193,75,265,NULL,'2019-07-19','2019-08-20',5),(194,283,271,NULL,'2019-05-12','2019-06-06',11),(195,22,95,NULL,'2019-06-17','2019-07-11',9),(196,346,70,NULL,'2020-02-07','2020-03-03',4),(197,88,3,NULL,'2019-07-30','2019-09-22',15),(198,11,284,NULL,'2019-05-13','2019-06-02',7),(199,94,307,NULL,'2020-02-08','2020-05-16',9),(200,165,71,NULL,'2019-11-20','2020-02-03',13),(201,256,25,NULL,'2020-04-15','2020-07-20',3),(202,327,174,NULL,'2019-10-15','2019-12-22',1),(203,151,370,NULL,'2020-03-05','2020-04-24',7),(204,331,306,NULL,'2019-06-17','2019-07-08',16),(205,35,182,NULL,'2019-08-08','2019-11-08',15),(206,87,286,NULL,'2020-01-23','2020-02-11',13),(207,199,20,NULL,'2019-04-27','2019-07-05',3),(208,323,224,NULL,'2020-01-11','2020-02-14',6),(209,173,311,NULL,'2020-01-23','2020-03-27',1),(210,206,278,NULL,'2020-01-16','2020-02-16',8),(211,361,135,NULL,'2019-07-25','2019-10-01',14),(212,239,62,NULL,'2019-07-21','2019-09-08',6),(213,150,76,NULL,'2019-10-21','2020-01-18',14),(214,322,94,NULL,'2020-04-08','2020-06-01',8),(215,82,252,NULL,'2019-08-29','2019-09-14',18),(216,94,157,NULL,'2019-11-17','2019-12-05',7),(217,69,272,NULL,'2019-10-02','2019-11-22',1),(218,163,56,NULL,'2020-01-11','2020-01-31',9),(219,400,285,NULL,'2020-02-22','2020-05-13',17),(220,357,294,NULL,'2019-10-23','2019-12-16',3),(221,350,143,NULL,'2019-10-10','2019-11-18',10),(222,67,91,NULL,'2019-04-30','2019-07-20',10),(223,120,179,NULL,'2020-02-24','2020-05-22',13),(224,367,323,NULL,'2020-01-30','2020-04-19',16),(225,2,114,NULL,'2019-11-03','2019-11-25',2),(226,349,106,NULL,'2019-07-28','2019-09-09',4),(227,116,205,NULL,'2019-12-31','2020-02-23',3),(228,350,388,NULL,'2019-12-08','2020-03-14',3),(229,19,250,NULL,'2020-01-14','2020-01-28',4),(230,62,383,NULL,'2019-06-23','2019-09-13',2),(231,307,259,NULL,'2019-04-30','2019-08-06',14),(232,271,217,NULL,'2020-01-13','2020-04-18',2),(233,320,268,NULL,'2019-07-03','2019-09-12',4),(234,157,7,NULL,'2019-11-17','2019-12-25',9),(235,258,213,NULL,'2019-10-19','2020-01-12',13),(236,268,79,NULL,'2019-05-26','2019-06-27',2),(237,353,328,NULL,'2020-03-18','2020-06-07',13),(238,205,176,NULL,'2019-10-19','2020-01-07',1),(239,212,82,NULL,'2019-05-28','2019-07-08',11),(240,16,56,NULL,'2019-05-30','2019-08-10',9),(241,117,396,NULL,'2019-11-15','2020-01-13',11),(242,221,239,NULL,'2019-08-26','2019-10-10',13),(243,45,339,NULL,'2020-02-12','2020-03-28',18),(244,256,141,NULL,'2020-01-09','2020-03-15',13),(245,318,158,NULL,'2019-09-13','2019-10-27',19),(246,215,384,NULL,'2020-02-15','2020-03-31',2),(247,234,302,NULL,'2020-03-26','2020-06-14',7),(248,176,309,NULL,'2019-05-02','2019-06-17',13),(249,293,226,NULL,'2019-06-24','2019-09-02',20),(250,210,270,NULL,'2020-01-05','2020-03-25',20),(251,299,235,NULL,'2020-04-08','2020-06-02',17),(252,277,190,NULL,'2020-02-29','2020-05-13',11),(253,167,83,NULL,'2019-06-11','2019-07-30',2),(254,294,294,NULL,'2020-03-17','2020-04-05',3),(255,127,153,NULL,'2020-01-20','2020-03-17',20),(256,208,50,NULL,'2019-09-26','2019-10-07',1),(257,202,272,NULL,'2020-03-18','2020-06-19',1),(258,332,185,NULL,'2019-05-09','2019-06-25',1),(259,377,263,NULL,'2019-09-01','2019-11-16',9),(260,204,227,NULL,'2020-03-27','2020-06-19',5),(261,27,136,NULL,'2019-10-15','2020-01-07',8),(262,295,365,NULL,'2019-05-24','2019-07-07',1),(263,119,11,NULL,'2020-01-27','2020-03-30',16),(264,309,87,NULL,'2019-12-31','2020-02-14',12),(265,245,395,NULL,'2019-10-14','2019-12-19',18),(266,287,373,NULL,'2020-01-26','2020-02-11',13),(267,95,26,NULL,'2020-01-24','2020-03-20',12),(268,168,366,NULL,'2019-07-22','2019-08-24',15),(269,240,167,NULL,'2019-05-22','2019-07-18',17),(270,385,83,NULL,'2019-08-29','2019-11-26',2),(271,54,152,NULL,'2020-03-31','2020-05-27',10),(272,241,300,NULL,'2019-07-19','2019-08-14',16),(273,193,9,NULL,'2019-07-16','2019-08-02',15),(274,330,3,NULL,'2020-01-13','2020-04-17',15),(275,44,283,NULL,'2020-02-18','2020-03-02',13),(276,177,65,NULL,'2020-01-26','2020-04-02',8),(277,186,387,NULL,'2019-05-28','2019-08-15',12),(278,146,268,NULL,'2020-01-26','2020-03-29',4),(279,323,115,NULL,'2019-06-04','2019-06-17',5),(280,46,173,NULL,'2020-01-31','2020-03-30',19),(281,107,292,NULL,'2020-04-15','2020-05-17',19),(282,10,192,NULL,'2020-04-13','2020-06-17',14),(283,219,204,NULL,'2020-04-03','2020-05-24',2),(284,333,178,NULL,'2019-08-11','2019-09-19',17),(285,211,279,NULL,'2020-04-19','2020-05-28',15),(286,397,323,NULL,'2019-05-20','2019-08-25',16),(287,153,47,NULL,'2019-05-22','2019-07-31',12),(288,288,354,NULL,'2020-02-07','2020-02-20',1),(289,263,327,NULL,'2020-03-29','2020-06-07',4),(290,369,3,NULL,'2019-09-27','2019-10-09',15),(291,321,264,NULL,'2019-09-24','2019-12-22',16),(292,316,373,NULL,'2019-10-28','2019-11-24',13),(293,144,302,NULL,'2020-02-27','2020-04-14',7),(294,174,376,NULL,'2020-02-19','2020-03-27',12),(295,169,251,NULL,'2019-06-02','2019-06-22',5),(296,372,349,NULL,'2019-06-07','2019-06-29',1),(297,150,242,NULL,'2019-08-12','2019-08-24',17),(298,386,277,NULL,'2019-11-07','2019-12-18',14),(299,251,297,NULL,'2019-11-07','2019-12-29',2),(300,97,378,NULL,'2019-07-21','2019-10-11',11),(301,153,173,NULL,'2019-08-17','2019-11-10',19),(302,39,346,NULL,'2020-03-22','2020-04-21',12),(303,336,115,NULL,'2019-11-16','2020-02-05',5),(304,11,233,NULL,'2019-12-06','2019-12-23',13),(305,167,375,NULL,'2019-09-01','2019-10-07',4),(306,49,129,NULL,'2019-11-12','2020-01-27',15),(307,207,225,NULL,'2019-08-16','2019-09-05',12),(308,332,109,NULL,'2020-04-22','2020-06-03',12),(309,260,33,NULL,'2019-10-24','2020-01-08',4),(310,60,253,NULL,'2020-01-10','2020-03-31',12),(311,99,334,NULL,'2019-07-11','2019-07-22',13),(312,358,359,NULL,'2020-01-30','2020-02-17',5),(313,283,47,NULL,'2019-07-04','2019-08-02',12),(314,219,385,NULL,'2019-06-12','2019-06-27',10),(315,176,101,NULL,'2019-09-16','2019-10-18',14),(316,304,113,NULL,'2019-11-10','2019-12-28',9),(317,313,347,NULL,'2019-09-17','2019-10-09',16),(318,127,108,NULL,'2019-08-22','2019-10-13',6),(319,276,89,NULL,'2019-11-29','2020-02-25',16),(320,124,126,NULL,'2020-02-13','2020-05-01',12),(321,251,166,NULL,'2019-08-04','2019-09-02',4),(322,16,137,NULL,'2019-08-21','2019-11-19',14),(323,222,296,NULL,'2019-08-24','2019-09-13',16),(324,337,317,NULL,'2019-05-07','2019-08-07',19),(325,368,188,NULL,'2019-08-24','2019-09-10',7),(326,212,371,NULL,'2020-01-29','2020-03-31',7),(327,320,124,NULL,'2019-12-19','2020-01-07',1),(328,118,31,NULL,'2020-04-09','2020-06-02',6),(329,397,294,NULL,'2019-11-02','2020-01-18',3),(330,81,168,NULL,'2019-12-15','2019-12-29',20),(331,64,179,NULL,'2019-05-16','2019-06-18',13),(332,379,159,NULL,'2020-04-24','2020-06-19',14),(333,48,101,NULL,'2019-06-13','2019-07-05',14),(334,127,201,NULL,'2019-07-28','2019-08-20',16),(335,270,355,NULL,'2019-07-02','2019-08-17',4),(336,216,75,NULL,'2019-07-23','2019-09-02',13),(337,195,344,NULL,'2019-06-29','2019-08-17',12),(338,385,392,NULL,'2019-08-14','2019-10-22',3),(339,32,261,NULL,'2020-03-22','2020-06-17',11),(340,158,236,NULL,'2019-05-06','2019-05-28',2),(341,240,372,NULL,'2019-07-10','2019-10-14',5),(342,131,312,NULL,'2019-07-08','2019-08-09',20),(343,256,46,NULL,'2019-06-17','2019-09-21',20),(344,207,177,NULL,'2019-10-31','2020-01-01',17),(345,306,206,NULL,'2019-07-22','2019-09-02',7),(346,233,53,NULL,'2019-10-24','2019-12-02',19),(347,115,305,NULL,'2019-07-02','2019-09-19',5),(348,237,372,NULL,'2020-02-10','2020-05-15',5),(349,315,350,NULL,'2019-10-07','2020-01-12',18),(350,17,225,NULL,'2019-09-30','2020-01-05',12),(351,35,5,NULL,'2019-06-19','2019-08-19',10),(352,229,155,NULL,'2019-09-30','2019-12-12',1),(353,315,379,NULL,'2019-11-03','2020-02-09',2),(354,153,58,NULL,'2019-07-17','2019-08-05',13),(355,295,78,NULL,'2020-02-22','2020-03-10',2),(356,252,91,NULL,'2019-07-23','2019-09-12',10),(357,265,281,NULL,'2019-05-15','2019-05-28',9),(358,122,204,NULL,'2019-07-09','2019-08-13',2),(359,167,40,NULL,'2019-07-13','2019-08-01',16),(360,80,356,NULL,'2020-03-17','2020-04-08',1),(361,291,37,NULL,'2019-10-13','2019-11-04',14),(362,62,126,NULL,'2019-12-07','2020-02-17',12),(363,380,320,NULL,'2019-06-25','2019-08-20',6),(364,309,272,NULL,'2020-04-03','2020-05-11',1),(365,275,44,NULL,'2020-03-16','2020-05-03',17),(366,140,260,NULL,'2019-09-28','2019-11-09',10),(367,264,20,NULL,'2019-05-21','2019-08-21',3),(368,29,393,NULL,'2019-12-20','2020-01-10',11),(369,108,348,NULL,'2019-12-26','2020-02-23',7),(370,107,278,NULL,'2019-11-05','2019-12-18',8),(371,318,171,NULL,'2019-08-14','2019-08-25',3),(372,375,58,NULL,'2019-06-17','2019-07-16',13),(373,281,6,NULL,'2020-01-12','2020-03-01',20),(374,24,224,NULL,'2020-01-06','2020-02-26',6),(375,248,235,NULL,'2020-02-02','2020-02-28',17),(376,91,174,NULL,'2019-11-23','2020-01-25',1),(377,169,198,NULL,'2020-02-16','2020-03-16',12),(378,138,216,NULL,'2019-10-31','2019-11-18',4),(379,50,134,NULL,'2019-06-09','2019-09-04',13),(380,29,198,NULL,'2019-05-06','2019-06-24',12),(381,163,165,NULL,'2019-11-14','2020-02-13',18),(382,255,130,NULL,'2019-12-08','2020-03-14',11),(383,337,260,NULL,'2019-12-16','2020-03-24',10),(384,356,70,NULL,'2019-09-04','2019-12-11',4),(385,191,344,NULL,'2019-07-07','2019-09-20',12),(386,387,139,NULL,'2019-06-07','2019-09-07',7),(387,13,79,NULL,'2019-09-03','2019-11-15',2),(388,50,99,NULL,'2019-06-29','2019-09-03',17),(389,292,179,NULL,'2020-02-08','2020-02-25',13),(390,369,272,NULL,'2019-08-11','2019-08-31',1),(391,110,327,NULL,'2020-03-07','2020-06-10',4),(392,273,85,NULL,'2019-09-25','2019-12-22',7),(393,191,177,NULL,'2020-01-29','2020-02-10',17),(394,340,60,NULL,'2020-01-19','2020-02-12',7),(395,3,231,NULL,'2019-06-13','2019-08-26',7),(396,113,302,NULL,'2019-05-30','2019-08-08',7),(397,106,346,NULL,'2020-01-16','2020-02-11',12),(398,331,326,NULL,'2019-05-15','2019-06-28',3),(399,37,362,NULL,'2019-11-12','2019-12-01',1),(400,256,367,NULL,'2020-03-19','2020-06-07',17),(401,231,365,NULL,'2019-09-03','2019-09-23',1),(402,200,8,NULL,'2019-08-12','2019-08-26',9),(403,138,353,NULL,'2019-09-30','2019-11-13',12),(404,2,155,NULL,'2019-11-30','2020-01-01',1),(405,376,147,NULL,'2020-01-21','2020-04-15',5),(406,157,266,NULL,'2020-04-14','2020-07-07',11),(407,128,8,NULL,'2019-05-24','2019-07-13',9),(408,225,104,NULL,'2020-02-03','2020-05-10',15),(409,370,367,NULL,'2019-04-28','2019-07-12',17),(410,330,328,NULL,'2019-10-22','2019-12-26',13),(411,292,140,NULL,'2020-02-10','2020-03-14',2),(412,265,15,NULL,'2019-05-11','2019-07-27',11),(413,390,16,NULL,'2019-10-14','2019-12-20',18),(414,23,240,NULL,'2019-12-14','2020-02-05',8),(415,314,164,NULL,'2019-10-16','2020-01-07',10),(416,373,241,NULL,'2020-04-11','2020-07-11',11),(417,41,12,NULL,'2019-12-20','2020-03-17',16),(418,200,354,NULL,'2019-07-19','2019-10-17',1),(419,348,40,NULL,'2019-06-01','2019-08-26',16),(420,335,79,NULL,'2019-05-27','2019-06-25',2),(421,329,324,NULL,'2019-12-05','2020-01-07',8),(422,260,346,NULL,'2020-01-13','2020-03-16',12),(423,307,107,NULL,'2020-03-11','2020-04-05',1),(424,395,82,NULL,'2020-02-07','2020-04-09',11),(425,266,242,NULL,'2019-05-09','2019-08-16',17),(426,328,186,NULL,'2019-12-20','2020-03-06',7),(427,117,100,NULL,'2020-01-14','2020-02-12',20),(428,179,179,NULL,'2019-12-14','2020-01-13',13),(429,239,198,NULL,'2019-11-04','2019-11-29',12),(430,7,90,NULL,'2019-11-01','2019-12-31',5),(431,254,195,NULL,'2019-06-11','2019-08-23',4),(432,117,193,NULL,'2019-07-30','2019-10-03',5),(433,250,258,NULL,'2019-12-29','2020-03-29',17),(434,172,304,NULL,'2020-01-25','2020-02-07',10),(435,320,398,NULL,'2019-11-16','2020-01-08',17),(436,29,345,NULL,'2020-04-14','2020-07-18',10),(437,207,267,NULL,'2019-12-13','2020-02-29',8),(438,17,43,NULL,'2019-04-28','2019-05-11',9),(439,274,156,NULL,'2019-05-21','2019-07-29',5),(440,293,331,NULL,'2019-07-17','2019-08-19',12),(441,156,119,NULL,'2020-02-20','2020-05-27',20),(442,159,282,NULL,'2019-05-25','2019-08-13',15),(443,302,189,NULL,'2019-08-12','2019-09-19',7),(444,157,256,NULL,'2020-01-08','2020-03-16',4),(445,286,251,NULL,'2019-12-25','2020-02-03',5),(446,72,19,NULL,'2019-12-07','2020-01-10',8),(447,205,359,NULL,'2020-02-01','2020-04-01',5),(448,56,231,NULL,'2019-11-14','2020-01-18',7),(449,72,108,NULL,'2019-08-15','2019-09-02',6),(450,11,333,NULL,'2020-04-20','2020-07-26',20),(451,86,244,NULL,'2019-08-01','2019-10-30',11),(452,221,347,NULL,'2019-08-16','2019-09-06',16),(453,116,260,NULL,'2020-02-26','2020-03-12',10),(454,244,313,NULL,'2019-11-09','2019-12-13',5),(455,271,317,NULL,'2020-04-18','2020-06-02',19),(456,73,63,NULL,'2020-03-15','2020-05-26',2),(457,21,313,NULL,'2019-10-02','2019-10-21',5),(458,15,282,NULL,'2019-12-01','2020-02-25',15),(459,130,122,NULL,'2019-12-09','2020-01-03',1),(460,348,324,NULL,'2019-10-01','2019-11-07',8),(461,298,338,NULL,'2019-05-31','2019-06-12',8),(462,209,150,NULL,'2020-03-15','2020-05-23',18),(463,187,184,NULL,'2019-06-16','2019-09-03',17),(464,38,352,NULL,'2019-07-25','2019-08-07',5),(465,24,315,NULL,'2020-02-05','2020-04-01',8),(466,46,102,NULL,'2020-01-16','2020-02-07',4),(467,205,183,NULL,'2020-02-03','2020-04-20',4),(468,107,326,NULL,'2019-08-24','2019-09-19',3),(469,323,390,NULL,'2019-05-23','2019-08-21',16),(470,292,38,NULL,'2020-01-07','2020-03-15',14),(471,261,137,NULL,'2019-06-30','2019-07-12',14),(472,199,128,NULL,'2019-12-09','2019-12-27',18),(473,98,137,NULL,'2019-11-11','2020-01-22',14),(474,379,222,NULL,'2020-04-11','2020-04-29',20),(475,107,180,NULL,'2019-11-25','2020-01-01',10),(476,212,381,NULL,'2020-03-28','2020-04-21',10),(477,259,69,NULL,'2019-06-24','2019-07-26',15),(478,227,164,NULL,'2020-02-02','2020-04-10',10),(479,78,182,NULL,'2020-01-31','2020-05-05',15),(480,74,382,NULL,'2020-01-20','2020-02-23',4),(481,26,84,NULL,'2019-11-05','2019-12-10',11),(482,296,263,NULL,'2020-02-15','2020-03-12',9),(483,125,323,NULL,'2019-10-21','2020-01-24',16),(484,10,334,NULL,'2020-03-09','2020-04-04',13),(485,350,271,NULL,'2019-07-04','2019-08-13',11),(486,268,216,NULL,'2019-12-03','2019-12-29',4),(487,357,391,NULL,'2020-03-07','2020-04-27',7),(488,136,374,NULL,'2019-11-26','2020-01-06',17),(489,266,8,NULL,'2019-06-11','2019-09-16',9),(490,6,339,NULL,'2019-09-10','2019-10-08',18),(491,337,72,NULL,'2019-12-26','2020-02-22',1),(492,192,349,NULL,'2019-12-03','2020-02-12',1),(493,80,398,NULL,'2019-10-07','2019-12-13',17),(494,228,323,NULL,'2020-03-14','2020-05-14',16),(495,390,146,NULL,'2019-06-16','2019-09-09',1),(496,302,340,NULL,'2019-07-29','2019-09-01',8),(497,226,4,NULL,'2019-12-17','2020-02-12',2),(498,312,237,NULL,'2020-04-02','2020-04-27',8),(499,366,40,NULL,'2020-03-30','2020-05-05',16),(500,141,61,NULL,'2020-04-19','2020-07-14',2),(501,127,74,NULL,'2019-06-18','2019-08-02',5),(502,93,342,NULL,'2019-10-05','2019-11-12',12),(503,322,340,NULL,'2020-03-03','2020-03-14',8),(504,257,383,NULL,'2019-07-09','2019-08-18',2),(505,138,306,NULL,'2019-07-22','2019-08-14',16),(506,132,380,NULL,'2020-01-09','2020-03-19',5),(507,115,9,NULL,'2019-06-16','2019-08-09',15),(508,260,63,NULL,'2020-01-20','2020-03-05',2),(509,340,245,NULL,'2020-04-14','2020-07-03',2),(510,350,297,NULL,'2020-02-17','2020-05-15',2),(511,316,69,NULL,'2020-02-06','2020-04-16',15),(512,174,246,NULL,'2019-12-20','2020-01-15',3),(513,206,101,NULL,'2020-04-15','2020-05-08',14),(514,127,301,NULL,'2019-08-08','2019-10-17',16),(515,184,339,NULL,'2019-11-20','2019-12-12',18),(516,368,243,NULL,'2020-01-01','2020-01-11',8),(517,208,222,NULL,'2019-06-07','2019-06-20',20),(518,34,8,NULL,'2019-11-04','2019-12-09',9),(519,363,198,NULL,'2020-01-26','2020-03-01',12),(520,337,388,NULL,'2019-05-18','2019-08-16',3),(521,83,66,NULL,'2019-09-02','2019-10-10',13),(522,228,389,NULL,'2020-01-12','2020-02-23',12),(523,23,53,NULL,'2019-10-25','2019-11-14',19),(524,223,266,NULL,'2019-08-01','2019-08-20',11),(525,167,85,NULL,'2019-09-18','2019-10-29',7),(526,327,30,NULL,'2019-09-21','2019-11-26',16),(527,21,125,NULL,'2019-09-18','2019-12-26',4),(528,223,83,NULL,'2019-06-24','2019-10-02',2),(529,371,135,NULL,'2020-04-21','2020-07-15',14),(530,176,63,NULL,'2019-10-28','2019-11-14',2),(531,314,369,NULL,'2019-07-03','2019-08-23',18),(532,358,73,NULL,'2020-01-27','2020-03-09',4),(533,24,97,NULL,'2019-05-11','2019-07-09',7),(534,205,57,NULL,'2019-11-04','2020-01-22',19),(535,142,363,NULL,'2019-12-03','2020-03-10',16),(536,274,281,NULL,'2019-07-13','2019-07-31',9),(537,234,237,NULL,'2019-11-16','2020-02-23',8),(538,71,157,NULL,'2020-02-09','2020-02-29',7),(539,330,6,NULL,'2019-09-08','2019-11-24',20),(540,16,63,NULL,'2019-07-27','2019-09-07',2),(541,22,228,NULL,'2019-07-01','2019-08-13',19),(542,206,246,NULL,'2019-05-03','2019-05-15',3),(543,177,57,NULL,'2019-12-01','2020-02-18',19),(544,290,377,NULL,'2019-08-25','2019-12-03',17),(545,130,95,NULL,'2019-11-14','2020-02-04',9),(546,278,283,NULL,'2020-01-16','2020-02-08',13),(547,66,150,NULL,'2020-03-23','2020-04-30',18),(548,74,149,NULL,'2019-05-26','2019-07-27',1),(549,398,270,NULL,'2020-02-06','2020-02-29',20),(550,52,111,NULL,'2019-08-14','2019-09-07',10),(551,120,333,NULL,'2020-02-04','2020-03-04',20),(552,322,119,NULL,'2019-06-27','2019-07-31',20),(553,97,84,NULL,'2019-08-21','2019-09-29',11),(554,363,377,NULL,'2020-03-21','2020-05-10',17),(555,177,239,NULL,'2019-09-04','2019-10-01',13),(556,370,306,NULL,'2020-04-14','2020-07-11',16),(557,90,120,NULL,'2019-10-28','2019-11-26',4),(558,91,380,NULL,'2019-05-28','2019-08-31',5),(559,301,356,NULL,'2020-04-07','2020-06-02',1),(560,125,345,NULL,'2019-06-21','2019-07-25',10),(561,16,292,NULL,'2019-10-22','2019-12-12',19),(562,393,349,NULL,'2020-04-10','2020-05-15',1),(563,118,195,NULL,'2020-01-03','2020-04-01',4),(564,63,351,NULL,'2020-04-12','2020-05-06',15),(565,35,8,NULL,'2019-08-18','2019-11-12',9),(566,88,219,NULL,'2020-04-02','2020-05-18',3),(567,279,35,NULL,'2020-01-16','2020-03-24',2),(568,68,122,NULL,'2019-09-08','2019-11-15',1),(569,384,180,NULL,'2020-01-09','2020-02-21',10),(570,339,372,NULL,'2019-10-30','2019-11-27',5),(571,212,253,NULL,'2019-08-22','2019-09-23',12),(572,191,383,NULL,'2019-07-24','2019-10-04',2),(573,183,168,NULL,'2019-11-20','2020-01-06',20),(574,75,378,NULL,'2020-02-14','2020-03-28',11),(575,298,328,NULL,'2019-05-17','2019-07-16',13),(576,37,42,NULL,'2019-09-25','2019-10-20',17),(577,352,216,NULL,'2019-05-15','2019-08-22',4),(578,351,239,NULL,'2020-03-11','2020-06-05',13),(579,45,236,NULL,'2019-05-26','2019-07-13',2),(580,15,377,NULL,'2019-10-18','2019-12-21',17),(581,62,397,NULL,'2019-09-09','2019-09-26',3),(582,191,248,NULL,'2019-05-25','2019-08-14',10),(583,42,117,NULL,'2020-04-16','2020-04-26',17),(584,128,172,NULL,'2019-05-15','2019-05-30',6),(585,179,192,NULL,'2019-06-03','2019-08-27',14),(586,399,216,NULL,'2019-06-22','2019-08-08',4),(587,143,200,NULL,'2020-02-13','2020-03-15',19),(588,263,305,NULL,'2020-02-09','2020-04-19',5),(589,137,216,NULL,'2020-04-24','2020-05-08',4),(590,207,182,NULL,'2019-10-27','2020-01-15',15),(591,119,299,NULL,'2019-09-11','2019-11-14',10),(592,207,37,NULL,'2019-12-04','2020-01-29',14),(593,218,15,NULL,'2019-10-11','2019-11-26',11),(594,309,98,NULL,'2019-12-28','2020-03-30',16),(595,337,297,NULL,'2019-11-19','2019-12-08',2),(596,185,181,NULL,'2019-07-30','2019-09-28',20),(597,85,26,NULL,'2020-01-25','2020-04-04',12),(598,310,367,NULL,'2019-12-08','2020-01-01',17),(599,153,18,NULL,'2019-05-11','2019-06-14',9),(600,238,112,NULL,'2019-12-18','2020-02-10',3),(601,212,145,NULL,'2020-01-06','2020-03-13',2),(602,78,303,NULL,'2019-07-28','2019-08-27',4),(603,85,276,NULL,'2019-10-13','2020-01-04',1),(604,379,39,NULL,'2020-01-15','2020-03-16',6),(605,170,22,NULL,'2019-04-29','2019-05-22',14),(606,26,397,NULL,'2019-10-20','2019-12-15',3),(607,155,366,NULL,'2019-08-30','2019-11-27',15),(608,339,6,NULL,'2020-02-18','2020-04-15',20),(609,2,236,NULL,'2019-08-15','2019-10-17',2),(610,371,108,NULL,'2020-02-29','2020-03-25',6),(611,159,261,NULL,'2019-11-16','2020-01-08',11),(612,371,32,NULL,'2020-01-06','2020-04-11',18),(613,97,208,NULL,'2019-12-15','2020-02-20',6),(614,221,14,NULL,'2019-08-08','2019-10-27',3),(615,195,282,NULL,'2019-06-17','2019-08-19',15),(616,8,398,NULL,'2019-09-04','2019-11-04',17),(617,47,32,NULL,'2019-06-25','2019-09-13',18),(618,47,357,NULL,'2019-09-21','2019-11-18',6),(619,370,206,NULL,'2019-08-23','2019-11-11',7),(620,324,383,NULL,'2019-07-05','2019-07-24',2),(621,199,253,NULL,'2019-08-29','2019-12-04',12),(622,396,183,NULL,'2020-02-07','2020-02-27',4),(623,345,85,NULL,'2020-01-27','2020-03-26',7),(624,260,47,NULL,'2019-12-02','2020-01-30',12),(625,95,192,NULL,'2019-08-02','2019-08-24',14),(626,51,284,NULL,'2019-09-03','2019-11-16',7),(627,400,197,NULL,'2019-08-05','2019-09-29',14),(628,31,302,NULL,'2019-09-03','2019-10-16',7),(629,245,140,NULL,'2019-11-20','2020-02-21',2),(630,154,188,NULL,'2019-12-10','2020-02-23',7),(631,22,269,NULL,'2019-09-09','2019-09-30',7),(632,248,105,NULL,'2019-12-22','2020-01-21',6),(633,140,352,NULL,'2020-04-23','2020-07-27',5),(634,156,173,NULL,'2019-09-21','2019-11-26',19),(635,365,3,NULL,'2020-01-03','2020-02-18',15),(636,88,23,NULL,'2020-01-08','2020-02-14',7),(637,142,251,NULL,'2019-06-21','2019-09-07',5),(638,157,195,NULL,'2019-08-01','2019-10-31',4),(639,29,233,NULL,'2019-11-23','2020-02-29',13),(640,295,201,NULL,'2019-05-17','2019-08-04',16),(641,189,237,NULL,'2020-04-10','2020-07-01',8),(642,284,191,NULL,'2020-02-14','2020-04-16',3),(643,359,175,NULL,'2019-10-07','2019-10-29',11),(644,138,284,NULL,'2019-05-31','2019-08-20',7),(645,98,81,NULL,'2019-12-14','2020-02-05',3),(646,365,23,NULL,'2019-05-16','2019-08-04',7),(647,108,132,NULL,'2020-04-16','2020-06-23',19),(648,26,310,NULL,'2019-10-22','2019-12-07',5),(649,47,198,NULL,'2019-11-23','2020-01-15',12),(650,238,26,NULL,'2020-01-10','2020-02-13',12),(651,381,288,NULL,'2020-02-27','2020-04-16',3),(652,150,87,NULL,'2019-09-01','2019-09-15',12),(653,207,180,NULL,'2019-12-11','2020-01-25',10),(654,163,354,NULL,'2020-03-08','2020-03-21',1),(655,336,340,NULL,'2019-06-02','2019-08-22',8),(656,29,293,NULL,'2020-03-10','2020-05-19',3),(657,311,275,NULL,'2019-05-18','2019-07-11',7),(658,9,126,NULL,'2020-04-05','2020-04-25',12),(659,369,206,NULL,'2019-08-25','2019-09-27',7),(660,67,62,NULL,'2019-11-19','2020-02-14',6),(661,52,260,NULL,'2020-01-29','2020-02-29',10),(662,156,246,NULL,'2019-11-21','2020-02-27',3),(663,160,133,NULL,'2020-01-29','2020-04-23',20),(664,10,154,NULL,'2019-07-18','2019-08-01',18),(665,210,236,NULL,'2019-07-17','2019-07-27',2),(666,366,233,NULL,'2019-10-23','2020-01-29',13),(667,226,336,NULL,'2019-05-27','2019-06-30',1),(668,375,394,NULL,'2019-06-07','2019-07-30',2),(669,24,194,NULL,'2019-11-12','2020-02-17',14),(670,348,314,NULL,'2019-11-03','2019-11-19',19),(671,348,344,NULL,'2019-06-10','2019-07-03',12),(672,102,305,NULL,'2019-05-14','2019-06-12',5),(673,70,366,NULL,'2020-01-21','2020-03-21',15),(674,238,340,NULL,'2019-11-05','2019-12-21',8),(675,329,172,NULL,'2020-02-12','2020-05-04',6),(676,209,155,NULL,'2019-10-22','2019-11-09',1),(677,291,359,NULL,'2019-11-17','2019-12-28',5),(678,31,357,NULL,'2019-07-11','2019-10-14',6),(679,357,31,NULL,'2019-11-15','2020-02-11',6),(680,53,273,NULL,'2019-07-02','2019-08-05',11),(681,46,39,NULL,'2019-07-18','2019-09-08',6),(682,186,18,NULL,'2019-07-15','2019-08-07',9),(683,257,203,NULL,'2020-02-04','2020-04-13',20),(684,356,364,NULL,'2019-06-28','2019-08-30',11),(685,158,13,NULL,'2019-05-24','2019-08-04',1),(686,353,26,NULL,'2019-11-01','2019-11-23',12),(687,79,174,NULL,'2019-08-10','2019-08-23',1),(688,373,163,NULL,'2019-05-10','2019-05-28',16),(689,66,285,NULL,'2019-08-03','2019-08-13',17),(690,33,369,NULL,'2019-08-18','2019-11-12',18),(691,132,32,NULL,'2019-08-27','2019-11-28',18),(692,65,34,NULL,'2019-10-12','2019-12-13',7),(693,244,342,NULL,'2019-09-12','2019-11-03',12),(694,99,267,NULL,'2019-09-27','2019-11-02',8),(695,246,112,NULL,'2019-09-19','2019-10-30',3),(696,177,385,NULL,'2019-06-06','2019-09-08',10),(697,131,169,NULL,'2019-08-12','2019-11-06',7),(698,78,162,NULL,'2020-04-05','2020-04-16',7),(699,38,123,NULL,'2019-11-16','2020-02-05',10),(700,76,187,NULL,'2020-02-26','2020-04-20',9),(701,149,120,NULL,'2020-02-29','2020-04-11',4),(702,291,172,NULL,'2019-11-14','2019-12-12',6),(703,42,40,NULL,'2020-02-08','2020-03-03',16),(704,118,347,NULL,'2020-03-20','2020-04-25',16),(705,92,6,NULL,'2019-09-04','2019-09-25',20),(706,119,307,NULL,'2019-09-13','2019-12-07',9),(707,349,292,NULL,'2020-02-28','2020-05-04',19),(708,139,305,NULL,'2019-08-09','2019-09-02',5),(709,353,377,NULL,'2019-06-02','2019-09-03',17),(710,7,271,NULL,'2019-07-16','2019-08-29',11),(711,197,104,NULL,'2019-12-26','2020-01-24',15),(712,2,273,NULL,'2019-10-05','2019-11-24',11),(713,107,85,NULL,'2019-11-04','2020-01-06',7),(714,269,358,NULL,'2020-02-19','2020-05-23',18),(715,350,16,NULL,'2019-07-28','2019-10-19',18),(716,111,176,NULL,'2020-01-07','2020-03-04',1),(717,245,234,NULL,'2019-06-02','2019-07-11',8),(718,177,316,NULL,'2020-02-19','2020-04-22',19),(719,25,177,NULL,'2020-02-12','2020-03-13',17),(720,100,288,NULL,'2019-12-14','2020-02-06',3),(721,321,176,NULL,'2019-05-12','2019-07-05',1),(722,300,51,NULL,'2019-05-29','2019-08-30',4),(723,330,243,NULL,'2019-05-16','2019-05-31',8),(724,206,283,NULL,'2019-06-12','2019-07-12',13),(725,110,243,NULL,'2019-08-22','2019-09-28',8),(726,307,323,NULL,'2019-09-24','2019-12-12',16),(727,315,285,NULL,'2020-04-06','2020-04-28',17),(728,260,381,NULL,'2020-03-08','2020-05-10',10),(729,274,316,NULL,'2020-01-19','2020-02-02',19),(730,8,341,NULL,'2019-08-16','2019-10-21',4),(731,93,343,NULL,'2019-10-14','2020-01-05',4),(732,48,268,NULL,'2019-07-30','2019-08-27',4),(733,42,14,NULL,'2020-04-03','2020-04-26',3),(734,369,348,NULL,'2019-05-19','2019-08-15',7),(735,277,59,NULL,'2019-12-05','2020-02-07',11),(736,389,396,NULL,'2020-03-24','2020-07-01',11),(737,278,117,NULL,'2019-06-01','2019-08-20',17),(738,211,161,NULL,'2020-04-21','2020-05-29',4),(739,82,275,NULL,'2019-09-30','2019-10-25',7),(740,11,355,NULL,'2019-06-06','2019-08-26',4),(741,10,182,NULL,'2019-12-06','2020-03-03',15),(742,330,224,NULL,'2019-09-04','2019-11-28',6),(743,354,37,NULL,'2019-09-11','2019-10-14',14),(744,242,173,NULL,'2020-04-10','2020-05-27',19),(745,130,240,NULL,'2019-10-30','2020-01-19',8),(746,83,279,NULL,'2019-05-31','2019-08-18',15),(747,121,20,NULL,'2019-05-01','2019-05-17',3),(748,96,330,NULL,'2019-11-07','2020-01-09',1),(749,245,204,NULL,'2020-02-12','2020-03-01',2),(750,62,345,NULL,'2020-02-22','2020-05-03',10),(751,373,127,NULL,'2019-08-26','2019-10-15',12),(752,66,159,NULL,'2019-04-27','2019-07-06',14),(753,208,123,NULL,'2019-10-24','2019-12-25',10),(754,335,13,NULL,'2020-02-28','2020-05-29',1),(755,54,119,NULL,'2019-11-05','2020-01-25',20),(756,71,328,NULL,'2020-03-15','2020-05-21',13),(757,76,154,NULL,'2020-03-11','2020-04-01',18),(758,156,62,NULL,'2020-03-24','2020-05-20',6),(759,119,98,NULL,'2019-09-30','2019-12-10',16),(760,322,388,NULL,'2019-07-14','2019-10-17',3),(761,283,191,NULL,'2019-06-09','2019-07-24',3),(762,232,386,NULL,'2020-01-07','2020-01-19',3),(763,284,261,NULL,'2019-11-14','2020-01-29',11),(764,158,398,NULL,'2019-08-23','2019-09-28',17),(765,40,16,NULL,'2019-09-07','2019-11-29',18),(766,14,342,NULL,'2019-05-08','2019-07-26',12),(767,192,378,NULL,'2019-11-11','2020-01-13',11),(768,354,72,NULL,'2020-02-08','2020-02-27',1),(769,273,127,NULL,'2019-10-01','2020-01-09',12),(770,266,31,NULL,'2019-09-06','2019-11-04',6),(771,259,322,NULL,'2020-04-18','2020-05-08',17),(772,7,307,NULL,'2019-09-11','2019-09-30',9),(773,16,373,NULL,'2019-09-27','2019-10-30',13),(774,276,390,NULL,'2019-12-15','2020-03-18',16),(775,117,321,NULL,'2019-08-30','2019-11-17',13),(776,331,107,NULL,'2019-07-02','2019-10-09',1),(777,124,157,NULL,'2019-09-30','2019-11-07',7),(778,218,91,NULL,'2019-08-11','2019-11-04',10),(779,246,214,NULL,'2020-02-23','2020-05-17',10),(780,68,137,NULL,'2019-05-09','2019-06-05',14),(781,69,239,NULL,'2020-04-09','2020-06-18',13),(782,235,62,NULL,'2019-05-07','2019-08-06',6),(783,245,359,NULL,'2019-05-18','2019-08-07',5),(784,365,269,NULL,'2019-06-24','2019-09-07',7),(785,393,261,NULL,'2019-09-21','2019-10-21',11),(786,379,175,NULL,'2019-10-01','2020-01-05',11),(787,6,282,NULL,'2019-12-09','2019-12-29',15),(788,245,235,NULL,'2019-10-13','2019-12-21',17),(789,259,373,NULL,'2019-10-05','2020-01-10',13),(790,274,226,NULL,'2020-04-18','2020-07-22',20),(791,72,76,NULL,'2019-07-15','2019-09-22',14),(792,118,277,NULL,'2020-01-19','2020-04-23',14),(793,204,210,NULL,'2019-07-10','2019-07-22',2),(794,236,170,NULL,'2019-11-10','2019-12-23',6),(795,248,348,NULL,'2019-12-19','2020-01-01',7),(796,38,77,NULL,'2019-06-12','2019-08-06',19),(797,345,28,NULL,'2020-03-04','2020-05-22',10),(798,37,184,NULL,'2019-08-02','2019-09-28',17),(799,258,131,NULL,'2020-01-28','2020-02-19',14),(800,170,127,NULL,'2020-01-21','2020-02-21',12),(801,41,161,NULL,'2019-06-20','2019-07-04',4),(802,230,10,NULL,'2020-04-14','2020-06-21',20),(803,265,88,NULL,'2019-09-08','2019-11-13',4),(804,1,201,NULL,'2019-09-24','2019-10-26',16),(805,94,175,NULL,'2019-12-30','2020-03-22',11),(806,351,363,NULL,'2019-08-07','2019-08-21',16),(807,302,113,NULL,'2019-06-29','2019-08-11',9),(808,129,289,NULL,'2019-06-08','2019-09-05',4),(809,160,36,NULL,'2020-02-04','2020-05-01',7),(810,126,255,NULL,'2019-06-26','2019-08-10',7),(811,126,13,NULL,'2019-11-12','2019-11-28',1),(812,27,119,NULL,'2019-07-21','2019-09-26',20),(813,183,44,NULL,'2019-08-22','2019-10-07',17),(814,212,120,NULL,'2019-06-15','2019-08-07',4),(815,193,282,NULL,'2020-04-08','2020-05-03',15),(816,366,284,NULL,'2019-11-14','2020-02-16',7),(817,188,138,NULL,'2019-10-25','2019-12-03',19),(818,358,225,NULL,'2019-11-13','2020-01-09',12),(819,392,390,NULL,'2019-11-10','2020-01-20',16),(820,358,356,NULL,'2020-04-24','2020-07-25',1),(821,170,188,NULL,'2019-10-21','2020-01-16',7),(822,71,395,NULL,'2019-12-15','2020-01-11',18),(823,122,386,NULL,'2020-03-22','2020-06-08',3),(824,213,49,NULL,'2020-02-05','2020-05-08',20),(825,344,79,NULL,'2020-01-23','2020-02-23',2),(826,337,129,NULL,'2019-06-03','2019-08-23',15),(827,14,307,NULL,'2019-09-24','2019-11-19',9),(828,344,316,NULL,'2020-03-03','2020-05-18',19),(829,119,145,NULL,'2019-10-05','2019-11-28',2),(830,171,400,NULL,'2020-01-11','2020-02-09',6),(831,43,7,NULL,'2020-02-12','2020-04-26',9),(832,15,7,NULL,'2019-07-27','2019-08-07',9),(833,312,254,NULL,'2019-09-10','2019-10-12',10),(834,195,372,NULL,'2020-01-18','2020-04-17',5),(835,267,131,NULL,'2020-03-11','2020-04-16',14),(836,300,198,NULL,'2019-08-16','2019-10-17',12),(837,378,358,NULL,'2020-03-17','2020-04-10',18),(838,132,175,NULL,'2019-12-05','2020-03-12',11),(839,19,371,NULL,'2019-10-23','2019-11-06',7),(840,150,379,NULL,'2019-06-01','2019-07-10',2),(841,94,35,NULL,'2020-01-10','2020-02-19',2),(842,227,260,NULL,'2020-03-03','2020-03-23',10),(843,3,360,NULL,'2020-04-10','2020-06-23',18),(844,5,227,NULL,'2020-04-12','2020-05-09',5),(845,128,387,NULL,'2019-12-12','2020-01-27',12),(846,248,394,NULL,'2019-06-26','2019-08-10',2),(847,102,90,NULL,'2019-05-15','2019-06-24',5),(848,388,332,NULL,'2019-09-02','2019-12-10',2),(849,128,26,NULL,'2019-05-25','2019-08-05',12),(850,374,251,NULL,'2020-03-06','2020-03-22',5),(851,78,68,NULL,'2020-03-08','2020-04-23',20),(852,393,113,NULL,'2019-12-29','2020-03-08',9),(853,376,163,NULL,'2019-12-08','2020-01-22',16),(854,92,224,NULL,'2019-06-26','2019-09-03',6),(855,389,115,NULL,'2019-10-15','2019-11-08',5),(856,146,95,NULL,'2020-04-04','2020-07-07',9),(857,308,18,NULL,'2019-08-08','2019-10-31',9),(858,320,33,NULL,'2020-03-02','2020-04-21',4),(859,105,399,NULL,'2019-10-20','2019-12-15',16),(860,6,256,NULL,'2019-06-29','2019-08-06',4),(861,180,159,NULL,'2019-11-19','2019-12-07',14),(862,340,231,NULL,'2019-10-21','2020-01-26',7),(863,253,149,NULL,'2019-11-30','2020-01-11',1),(864,97,382,NULL,'2019-11-07','2020-02-10',4),(865,205,29,NULL,'2019-09-11','2019-10-01',15),(866,392,189,NULL,'2020-03-27','2020-04-30',7),(867,199,324,NULL,'2020-03-28','2020-05-16',8),(868,192,108,NULL,'2019-12-18','2020-02-02',6),(869,255,336,NULL,'2019-09-14','2019-10-06',1),(870,165,10,NULL,'2020-03-16','2020-06-13',20),(871,341,395,NULL,'2019-06-16','2019-07-24',18),(872,209,244,NULL,'2019-11-19','2020-02-04',11),(873,73,346,NULL,'2020-03-31','2020-05-03',12),(874,320,134,NULL,'2019-06-17','2019-07-21',13),(875,168,310,NULL,'2019-10-03','2019-12-29',5),(876,367,350,NULL,'2020-02-27','2020-05-08',18),(877,196,385,NULL,'2019-09-23','2019-12-26',10),(878,280,186,NULL,'2019-12-01','2020-02-16',7),(879,51,228,NULL,'2019-08-27','2019-11-01',19),(880,395,305,NULL,'2019-11-16','2020-02-17',5),(881,349,339,NULL,'2019-11-21','2020-01-13',18),(882,281,238,NULL,'2019-12-16','2020-02-27',4),(883,89,69,NULL,'2019-12-01','2020-01-19',15),(884,191,90,NULL,'2020-03-21','2020-06-16',5),(885,6,142,NULL,'2019-07-27','2019-09-02',18),(886,300,282,NULL,'2019-12-16','2019-12-26',15),(887,215,246,NULL,'2019-09-29','2019-10-13',3),(888,261,55,NULL,'2019-08-29','2019-09-12',6),(889,10,128,NULL,'2019-10-21','2019-12-15',18),(890,172,290,NULL,'2020-02-03','2020-03-13',12),(891,89,256,NULL,'2019-06-13','2019-07-02',4),(892,278,56,NULL,'2019-12-01','2020-01-05',9),(893,324,198,NULL,'2020-04-13','2020-07-21',12),(894,50,341,NULL,'2019-06-11','2019-07-29',4),(895,282,162,NULL,'2020-02-10','2020-02-23',7),(896,205,260,NULL,'2020-02-18','2020-04-18',10),(897,356,67,NULL,'2019-06-20','2019-09-17',3),(898,140,319,NULL,'2019-08-23','2019-09-27',3),(899,10,274,NULL,'2019-06-01','2019-08-13',13),(900,44,228,NULL,'2019-07-17','2019-09-18',19),(901,108,239,NULL,'2019-04-28','2019-06-11',13),(902,21,400,NULL,'2019-07-24','2019-08-13',6),(903,387,369,NULL,'2019-06-29','2019-07-15',18),(904,260,226,NULL,'2019-07-11','2019-09-01',20),(905,79,277,NULL,'2020-01-02','2020-03-31',14),(906,25,101,NULL,'2019-10-31','2020-01-21',14),(907,186,34,NULL,'2019-08-31','2019-10-09',7),(908,299,128,NULL,'2019-06-01','2019-06-15',18),(909,178,258,NULL,'2020-01-31','2020-04-19',17),(910,78,41,NULL,'2019-10-08','2020-01-08',18),(911,79,362,NULL,'2019-08-29','2019-09-23',1),(912,364,110,NULL,'2019-06-15','2019-09-18',19),(913,238,281,NULL,'2019-06-25','2019-07-26',9),(914,202,87,NULL,'2020-04-22','2020-05-20',12),(915,264,97,NULL,'2019-11-12','2020-01-16',7),(916,69,199,NULL,'2019-05-18','2019-08-01',6),(917,211,84,NULL,'2019-07-30','2019-09-03',11),(918,31,170,NULL,'2019-05-08','2019-08-07',6),(919,317,108,NULL,'2019-07-13','2019-09-07',6),(920,72,308,NULL,'2019-11-16','2019-12-04',16),(921,327,48,NULL,'2019-12-05','2020-01-28',13),(922,167,197,NULL,'2019-06-24','2019-07-15',14),(923,120,400,NULL,'2019-11-22','2020-01-03',6),(924,146,261,NULL,'2019-12-28','2020-02-07',11),(925,297,7,NULL,'2019-11-12','2019-12-27',9),(926,282,181,NULL,'2020-01-29','2020-04-26',20),(927,7,245,NULL,'2020-04-14','2020-05-05',2),(928,307,131,NULL,'2020-03-14','2020-04-28',14),(929,142,280,NULL,'2019-11-25','2020-01-30',16),(930,262,325,NULL,'2019-07-03','2019-09-12',7),(931,15,266,NULL,'2019-06-06','2019-07-06',11),(932,207,176,NULL,'2020-01-22','2020-02-04',1),(933,329,156,NULL,'2019-06-25','2019-07-25',5),(934,331,114,NULL,'2019-10-24','2020-01-21',2),(935,33,139,NULL,'2020-02-01','2020-04-29',7),(936,169,343,NULL,'2020-02-12','2020-04-30',4),(937,304,94,NULL,'2020-04-19','2020-06-15',8),(938,385,105,NULL,'2019-08-28','2019-09-30',6),(939,288,124,NULL,'2019-10-13','2019-12-07',1),(940,130,80,NULL,'2019-10-06','2019-10-23',14),(941,260,135,NULL,'2019-10-30','2019-12-29',14),(942,228,49,NULL,'2019-06-25','2019-07-31',20),(943,11,59,NULL,'2019-07-13','2019-07-26',11),(944,32,390,NULL,'2019-04-25','2019-08-01',16),(945,130,286,NULL,'2019-09-29','2019-11-18',13),(946,138,187,NULL,'2019-07-17','2019-09-16',9),(947,315,35,NULL,'2019-12-04','2020-02-18',2),(948,155,387,NULL,'2020-04-16','2020-07-04',12),(949,269,239,NULL,'2019-12-19','2020-03-28',13),(950,20,172,NULL,'2020-04-23','2020-07-17',6),(951,241,34,NULL,'2020-03-19','2020-04-08',7),(952,197,106,NULL,'2019-07-04','2019-08-26',4),(953,69,363,NULL,'2019-04-26','2019-06-30',16),(954,41,329,NULL,'2019-09-24','2019-12-01',11),(955,379,18,NULL,'2019-07-24','2019-08-08',9),(956,136,335,NULL,'2019-11-10','2020-02-04',4),(957,132,68,NULL,'2019-09-02','2019-10-30',20),(958,376,319,NULL,'2019-11-02','2020-02-01',3),(959,155,19,NULL,'2020-03-19','2020-05-21',8),(960,115,5,NULL,'2020-01-04','2020-03-27',10),(961,128,82,NULL,'2019-08-05','2019-10-09',11),(962,123,156,NULL,'2020-01-22','2020-02-17',5),(963,197,317,NULL,'2019-06-01','2019-09-09',19),(964,361,76,NULL,'2020-04-05','2020-06-22',14),(965,344,392,NULL,'2019-07-13','2019-08-01',3),(966,291,223,NULL,'2019-12-24','2020-02-05',3),(967,188,238,NULL,'2019-09-25','2019-10-18',4),(968,133,322,NULL,'2020-02-19','2020-04-04',17),(969,389,254,NULL,'2019-11-22','2020-01-03',10),(970,206,380,NULL,'2019-11-23','2020-02-27',5),(971,379,216,NULL,'2020-02-18','2020-04-29',4),(972,135,245,NULL,'2019-11-15','2020-01-15',2),(973,56,10,NULL,'2020-02-27','2020-03-30',20),(974,187,74,NULL,'2019-10-22','2019-12-18',5),(975,96,277,NULL,'2020-03-30','2020-06-15',14),(976,125,128,NULL,'2019-10-31','2020-01-11',18),(977,320,381,NULL,'2019-05-09','2019-06-22',10),(978,141,70,NULL,'2020-01-12','2020-04-15',4),(979,7,347,NULL,'2020-02-20','2020-03-31',16),(980,181,336,NULL,'2019-05-25','2019-06-30',1),(981,380,111,NULL,'2020-02-24','2020-05-28',10),(982,27,289,NULL,'2019-07-20','2019-09-18',4),(983,119,181,NULL,'2019-07-06','2019-07-23',20),(984,133,126,NULL,'2019-07-14','2019-09-14',12),(985,19,276,NULL,'2019-09-20','2019-12-07',1),(986,81,119,NULL,'2019-05-28','2019-07-18',20),(987,394,18,NULL,'2020-01-03','2020-01-27',9),(988,180,199,NULL,'2019-11-18','2019-12-13',6),(989,225,54,NULL,'2019-08-27','2019-11-14',2),(990,339,224,NULL,'2019-10-11','2019-11-10',6),(991,229,111,NULL,'2019-10-25','2020-01-02',10),(992,146,307,NULL,'2019-06-13','2019-06-26',9),(993,361,249,NULL,'2019-05-31','2019-08-13',20),(994,228,383,NULL,'2019-08-09','2019-09-10',2),(995,219,294,NULL,'2019-09-19','2019-10-02',3),(996,322,258,NULL,'2020-04-06','2020-05-19',17),(997,336,118,NULL,'2019-05-21','2019-08-15',20),(998,10,349,NULL,'2019-05-10','2019-07-22',1),(999,68,115,NULL,'2019-12-29','2020-02-29',5),(1000,240,376,NULL,'2019-11-04','2019-11-28',12);
/*!40000 ALTER TABLE `patient_history` ENABLE KEYS */;
UNLOCK TABLES;

--
-- Table structure for table `patients`
--

DROP TABLE IF EXISTS `patients`;
/*!40101 SET @saved_cs_client     = @@character_set_client */;
/*!50503 SET character_set_client = utf8mb4 */;
CREATE TABLE `patients` (
  `patient_ID` int NOT NULL AUTO_INCREMENT,
  `name` varchar(100) NOT NULL,
  `contact_number` char(10) DEFAULT NULL,
  `street_address` varchar(100) NOT NULL,
  `locality` varchar(100) NOT NULL,
  `city` varchar(100) NOT NULL,
  `state` varchar(100) NOT NULL,
  `gender` varchar(100) DEFAULT NULL,
  `blood_group` varchar(100) NOT NULL,
  `age` int NOT NULL,
  `email` varchar(100) DEFAULT NULL,
  `marital_status` varchar(20) DEFAULT NULL,
  `address` varchar(200) GENERATED ALWAYS AS (concat(`street_address`,_utf8mb4', ',`locality`,_utf8mb4', ',`city`,_utf8mb4', ',`state`)) VIRTUAL NOT NULL,
  `password` char(20) DEFAULT NULL,
  PRIMARY KEY (`patient_ID`),
  KEY `index_key` (`blood_group`),
  CONSTRAINT `patients_chk_2` CHECK ((`age` > 0)),
  CONSTRAINT `patients_chk_3` CHECK ((`marital_status` in (_utf8mb4'married',_utf8mb4'unmarried'))),
  CONSTRAINT `patients_chk_4` CHECK ((`gender` in (_utf8mb4'Male',_utf8mb4'Female',_utf8mb4'Other')))
) ENGINE=InnoDB AUTO_INCREMENT=401 DEFAULT CHARSET=utf8mb4 COLLATE=utf8mb4_0900_ai_ci;
/*!40101 SET character_set_client = @saved_cs_client */;

--
-- Dumping data for table `patients`
--

LOCK TABLES `patients` WRITE;
/*!40000 ALTER TABLE `patients` DISABLE KEYS */;
INSERT INTO `patients` (`patient_ID`, `name`, `contact_number`, `street_address`, `locality`, `city`, `state`, `gender`, `blood_group`, `age`, `email`, `marital_status`, `password`) VALUES (1,'Lamond Barnewall','3058838404','7 Utah Point','Rithala','Miami','Florida','Male','O+',35,'lbarnewall0@mayoclinic.com','unmarried','NUKYoP9pD'),(2,'Tandi Nipper','5162787584','40036 Anderson Crossing','Pitam Pura','New Hyde Park','New York','Female','B+',27,'tnipper1@yale.edu','unmarried','BWmCHl9leWH'),(3,'Lemmy Hugonnet','8011220554','659 Sutherland Parkway','Ashok Vihar','Salt Lake City','Utah','Male','O-',12,'lhugonnet2@theatlantic.com','married','g5ll8O'),(4,'Asa Folkes','4044538890','15 Manufacturers Junction','Jahangirpuri','Atlanta','Georgia','Male','A+',48,'afolkes3@techcrunch.com','married','hRu3CmOUb'),(5,'Clyde Coldbathe','2052250215','1040 Mccormick Crossing','Rithala','Birmingham','Alabama','Male','B-',35,'ccoldbathe4@privacy.gov.au','unmarried','SBJGOpolk'),(6,'Lynea Fendt','9419629943','21041 Anderson Pass','Dhaka','Seminole','Florida','Female','AB-',10,'lfendt5@addtoany.com','married','dJHlPZ'),(7,'Wiley Foster-Smith','8056434821','85424 Tony Trail','Azadpur','San Mateo','California','Male','B+',22,'wfostersmith6@mysql.com','unmarried','mD4ISg6LMZ2'),(8,'Wolf Jentges','7868188666','9175 Nelson Plaza','Rithala','Miami','Florida','Male','AB-',13,'wjentges7@bloglines.com','unmarried','B4E3szn'),(9,'Seward Gilfoy','6465782624','015 Ohio Trail','Rohini Sub City','New York City','New York','Male','O-',45,'sgilfoy8@sciencedaily.com','married','TSRao3'),(10,'Hillie Kline','7208185051','2 Gina Way','Dhaka','Denver','Colorado','Male','B+',38,'hkline9@marriott.com','married','05D7uYiydsK'),(11,'Sharia Corish','2629249873','7685 North Street','Karala','Racine','Wisconsin','Female','O-',37,'scorisha@skype.com','unmarried','2Vun6ErFB9s'),(12,'Harli Ling','7577174583','57 Oneill Drive','Kohat Enclave','Portsmouth','Virginia','Female','A-',22,'hlingb@mediafire.com','unmarried','qjev0QEM'),(13,'Vinita Nutley','9017654003','623 Dunning Street','Azadpur','Memphis','Tennessee','Female','B+',39,'vnutleyc@gizmodo.com','unmarried','zLqlfEmXDaM'),(14,'Bank Oley','9074295027','67750 Waubesa Drive','Ashok Vihar','Fairbanks','Alaska','Male','AB-',23,'boleyd@people.com.cn','unmarried','auX4ubFkN'),(15,'Phillis Jakubovicz','3131355119','42697 Oriole Lane','Narela','Detroit','Michigan','Female','A-',13,'pjakubovicze@lycos.com','married','3Wn3ak'),(16,'Hildegaard Hampe','2609460689','6356 Hoepker Drive','Begum Pur','Fort Wayne','Indiana','Female','B+',20,'hhampef@biglobe.ne.jp','married','gLFvBxqOFm9U'),(17,'Kelsi Fleeman','7541881924','1228 Holy Cross Parkway','Bawana','Pompano Beach','Florida','Female','O+',42,'kfleemang@state.gov','married','44xhec3rc'),(18,'Rockwell Bawme','6196871251','7 Ridgeview Junction','Adarsh Nagar','San Diego','California','Male','A+',46,'rbawmeh@sun.com','unmarried','cteLZqjwibZ'),(19,'Rowan Woodley','4238042377','7032 Amoth Circle','Shalimar Bagh','Chattanooga','Tennessee','Male','A+',23,'rwoodleyi@illinois.edu','unmarried','Yyvyvdu'),(20,'Blayne Dockray','8439673441','605 Farragut Alley','Model Town','Charleston','South Carolina','Male','AB+',33,'bdockrayj@nature.com','married','r4SVcgIS'),(21,'Irene Schustl','3369545951','7475 Moland Pass','Shalimar Bagh','High Point','North Carolina','Female','O-',35,'ischustlk@spotify.com','unmarried','rfYg57fY'),(22,'Dallas Pelz','2691304331','75153 Oakridge Place','Model Town','Kalamazoo','Michigan','Female','O+',33,'dpelzl@jalbum.net','married','IKs3rV6B'),(23,'Madeleine Gellett','7136194783','4025 Weeping Birch Road','Narela','Houston','Texas','Female','AB+',45,'mgellettm@phpbb.com','married','ocbzUSAQyyt'),(24,'Phedra Yearns','7206156123','3830 Burrows Circle','Rithala','Denver','Colorado','Female','AB+',47,'pyearnsn@army.mil','unmarried','b4NyClR'),(25,'Sonnie Berardt','3052507826','3385 Barby Circle','Rithala','Boca Raton','Florida','Female','AB+',14,'sberardto@skyrock.com','married','eGburPNMnM2'),(26,'Gussie Littlefair','3607983603','550 Johnson Pass','Adarsh Nagar','Olympia','Washington','Female','O+',11,'glittlefairp@weibo.com','married','NFmMcj'),(27,'Huntington Mariet','2486912237','9509 Sloan Alley','Azadpur','Farmington','Michigan','Male','O+',37,'hmarietq@biblegateway.com','unmarried','zfxoFftnG56'),(28,'Sherilyn Gaskall','7868886819','404 Coolidge Court','Kingsway Camp','Miami','Florida','Female','A-',27,'sgaskallr@census.gov','unmarried','j3MF3n7K2wXz'),(29,'Margarita McLoney','7862340639','40761 Hagan Place','Narela','Miami','Florida','Female','B+',34,'mmcloneys@goodreads.com','married','sKvUvQ3KR0d'),(30,'Finley Brixey','3305273445','2 Paget Center','Kohat Enclave','Canton','Ohio','Male','AB+',40,'fbrixeyt@unesco.org','married','Ktf4lq5B'),(31,'Lew Jose','3142235669','54878 Vidon Center','Kohat Enclave','Saint Louis','Missouri','Male','O+',28,'ljoseu@amazon.de','married','1860vzqU'),(32,'Lainey Ravenshear','7579096154','9394 Debra Road','Kingsway Camp','Norfolk','Virginia','Female','AB-',31,'lravenshearv@ning.com','unmarried','BhZtP535'),(33,'Kristi Edgars','3138533233','401 Lake View Pass','Narela','Detroit','Michigan','Female','AB-',13,'kedgarsw@yelp.com','married','pZksKbfz'),(34,'Jessika Gettens','4803302040','0425 Logan Park','Ashok Vihar','Scottsdale','Arizona','Female','B+',10,'jgettensx@macromedia.com','married','5bwE4GyL'),(35,'Kerrin Brumble','2398916020','8 Talisman Terrace','Rani Bagh','Fort Myers','Florida','Female','A-',35,'kbrumbley@altervista.org','unmarried','R2baagtqXCeN'),(36,'Marieann Croughan','7604152021','201 Tennyson Street','Bawana','Escondido','California','Female','AB+',49,'mcroughanz@xing.com','married','aMJk0nrlh'),(37,'Hendrick Moberley','7139367270','25 Messerschmidt Trail','Bawana','Houston','Texas','Male','A-',39,'hmoberley10@noaa.gov','unmarried','agdnc7urNt'),(38,'Buddie McIlvoray','7079656724','060 Anderson Center','Rithala','Petaluma','California','Male','A+',36,'bmcilvoray11@ezinearticles.com','unmarried','QhFCWTt7'),(39,'Thekla Lavalde','2058332182','010 Fieldstone Alley','Bawana','Birmingham','Alabama','Female','AB-',15,'tlavalde12@opera.com','married','763YYSCc5'),(40,'Liz Colston','2083126877','23 Morrow Parkway','Shalimar Bagh','Pocatello','Idaho','Female','A-',44,'lcolston13@imgur.com','unmarried','Nfz3fE'),(41,'Duky Massot','5022500042','88648 Hazelcrest Junction','Keshav Puram','Louisville','Kentucky','Male','B+',36,'dmassot14@dailymotion.com','married','XIc2FTajQt'),(42,'Delbert Lamplough','7169047489','7 Blackbird Trail','Adarsh Nagar','Buffalo','New York','Male','A-',23,'dlamplough15@google.com.au','married','TDVHbu'),(43,'Wolf Piccard','9154310984','50412 American Ash Point','Kohat Enclave','El Paso','Texas','Male','AB-',37,'wpiccard16@tmall.com','unmarried','2Q3yeQmOdytG'),(44,'Abey Gilbane','7854902665','3 Cambridge Way','Azadpur','Topeka','Kansas','Male','AB-',42,'agilbane17@mlb.com','married','t4hDPgQeu'),(45,'Griselda Dobinson','3095357684','5 Veith Park','Rohini Sub City','Bloomington','Illinois','Female','O-',32,'gdobinson18@berkeley.edu','married','bo9WMI3'),(46,'Kipp Haugg','9149684281','7377 Northridge Crossing','Kohat Enclave','White Plains','New York','Female','A+',43,'khaugg19@artisteer.com','unmarried','Ktp06WDfI5Kh'),(47,'Emmet Martusov','2143318800','683 Doe Crossing Court','Narela','Dallas','Texas','Male','AB+',31,'emartusov1a@indiatimes.com','unmarried','zF45sstrD'),(48,'Deane Charlick','8125110193','27 Fulton Road','Pitam Pura','Evansville','Indiana','Male','A-',15,'dcharlick1b@xrea.com','unmarried','2j4wS8UUzs'),(49,'Jasper Silversmid','4082084066','5698 Hooker Street','Ashok Vihar','San Jose','California','Male','A-',42,'jsilversmid1c@mlb.com','unmarried','sZSN4InRW'),(50,'Joaquin Davio','3478891219','0 Mallard Plaza','Keshav Puram','Brooklyn','New York','Male','AB+',15,'jdavio1d@yahoo.com','married','nv9nWQ'),(51,'Olive Childrens','4251484368','716 Prentice Center','Shalimar Bagh','Seattle','Washington','Female','AB+',12,'ochildrens1e@unblog.fr','married','JAaqIpc'),(52,'Abby Kneller','7574659421','2 Menomonie Junction','Ashok Vihar','Norfolk','Virginia','Male','A+',35,'akneller1f@un.org','unmarried','J1gheU5Xs'),(53,'Orlando Flello','9013476655','6 Pond Crossing','Ashok Vihar','Memphis','Tennessee','Male','AB+',46,'oflello1g@seattletimes.com','married','974Ldf0GSt'),(54,'Renie Vaadeland','5718864076','91 Crownhardt Alley','Model Town','Alexandria','Virginia','Female','B+',10,'rvaadeland1h@amazon.com','married','KY1pFwqI9v'),(55,'Matteo Saunier','2029008699','9 Kedzie Trail','Narela','Washington','District of Columbia','Male','B+',12,'msaunier1i@last.fm','unmarried','vGutER'),(56,'Brennan Salvatore','4059519662','7 Myrtle Drive','Shalimar Bagh','Oklahoma City','Oklahoma','Male','A-',25,'bsalvatore1j@altervista.org','married','dwNOxzZ'),(57,'Abdel MacAless','3154521637','1472 Dorton Street','Shalimar Bagh','Utica','New York','Male','O-',25,'amacaless1k@live.com','unmarried','sdDEvcLSXiPS'),(58,'Dorolice Gobat','4071754151','14 Grover Hill','Ashok Vihar','Winter Haven','Florida','Female','O-',44,'dgobat1l@tumblr.com','married','FaxXNyxU'),(59,'Cindy MacMakin','8587174139','442 Goodland Junction','Model Town','San Diego','California','Female','O-',27,'cmacmakin1m@illinois.edu','unmarried','Z4mQ5zrH'),(60,'Brooks Sallenger','7279676534','26305 Mccormick Parkway','Pitam Pura','Largo','Florida','Male','AB+',17,'bsallenger1n@reference.com','married','2KiPoDIj'),(61,'Rriocard Keepence','2029959615','199 Saint Paul Lane','Azadpur','Washington','District of Columbia','Male','A-',38,'rkeepence1o@mail.ru','married','mUXcWXFx'),(62,'Andrey Godson','6021150213','453 Buell Alley','Azadpur','Tempe','Arizona','Male','AB-',45,'agodson1p@about.me','unmarried','kwEKAQ6AsuyF'),(63,'Natty Waterhouse','2154025580','7 Dennis Parkway','Azadpur','Philadelphia','Pennsylvania','Male','A+',36,'nwaterhouse1q@washingtonpost.com','unmarried','WJUFdjEkAXns'),(64,'Chrissie Muxworthy','7758541999','08612 Morningstar Lane','Keshav Puram','Reno','Nevada','Female','B+',10,'cmuxworthy1r@chicagotribune.com','unmarried','pmNVNtTRjECK'),(65,'Ally Grindell','7571611292','36 Fuller Road','Bawana','Portsmouth','Virginia','Female','AB+',48,'agrindell1s@icio.us','unmarried','g50ywRiRzo'),(66,'Griselda Werlock','5185033682','5850 Kennedy Hill','Kingsway Camp','Albany','New York','Female','AB-',11,'gwerlock1t@ted.com','married','K3sTiZ'),(67,'Walton Grogona','7045820722','85 Brentwood Parkway','Kohat Enclave','Charlotte','North Carolina','Male','O-',18,'wgrogona1u@youku.com','married','dNG6SzA'),(68,'Gaylor Goldthorpe','9253611619','97 Forest Dale Trail','Rithala','Concord','California','Male','A-',24,'ggoldthorpe1v@posterous.com','unmarried','eoLFu7'),(69,'Daisey Braden','8137541832','7493 Holy Cross Plaza','Narela','Zephyrhills','Florida','Female','O-',19,'dbraden1w@scientificamerican.com','unmarried','zoQzi8vZdM'),(70,'Hailey McCarroll','5102896859','738 Shopko Court','Begum Pur','Oakland','California','Male','A-',21,'hmccarroll1x@arstechnica.com','married','UmBl9B39'),(71,'Puff Dalby','8133684693','791 Schurz Junction','Rithala','Tampa','Florida','Male','O+',44,'pdalby1y@theatlantic.com','married','9DJ0Ut'),(72,'Benjamen Draxford','7068326490','9 Paget Pass','Narela','Columbus','Georgia','Male','AB+',12,'bdraxford1z@businesswire.com','unmarried','OdUDADhAgVT9'),(73,'Oralla McCrostie','7025857206','194 Mariners Cove Hill','Karala','Las Vegas','Nevada','Female','B-',43,'omccrostie20@zdnet.com','unmarried','LXkKwgry7'),(74,'Pia Bolger','3214934251','49 Clyde Gallagher Drive','Keshav Puram','Palm Bay','Florida','Female','A-',25,'pbolger21@hugedomains.com','unmarried','HSoLLS'),(75,'Wally Poat','7142659933','135 Coleman Way','Bawana','San Jose','California','Female','O-',19,'wpoat22@dailymotion.com','unmarried','ud2p8e7'),(76,'Kylen Bowick','7138026639','24 Starling Alley','Bawana','Houston','Texas','Female','A-',33,'kbowick23@oaic.gov.au','unmarried','GON9lJ'),(77,'Kasey Kneafsey','9154507198','58 Packers Crossing','Kohat Enclave','El Paso','Texas','Female','A+',42,'kkneafsey24@ucoz.com','married','on9Azqgia'),(78,'Elbertina Passingham','2607008592','45519 Dorton Court','Karala','Fort Wayne','Indiana','Female','A+',16,'epassingham25@tuttocitta.it','married','F5GVSRf'),(79,'Fowler Berriman','7707027769','9 Dayton Lane','Model Town','Lawrenceville','Georgia','Male','O+',45,'fberriman26@nhs.uk','unmarried','ZFNOfVD'),(80,'Mikol Fletcher','9153546549','414 Mesta Street','Rohini Sub City','El Paso','Texas','Male','O+',32,'mfletcher27@cocolog-nifty.com','unmarried','3YW7xm'),(81,'Bernadette Louys','3304082305','7730 Mockingbird Place','Rani Bagh','Youngstown','Ohio','Female','O-',17,'blouys28@latimes.com','unmarried','yMMwPM0Z'),(82,'Derward Pound','2122922206','81925 Merrick Pass','Rithala','New York City','New York','Male','AB+',31,'dpound29@i2i.jp','married','mU7Wd3SC'),(83,'Ike Meysham','4122380854','83201 Erie Junction','Jahangirpuri','Pittsburgh','Pennsylvania','Male','AB-',11,'imeysham2a@nsw.gov.au','married','A8Qj1uuNILM'),(84,'Nels Balazs','8142779785','225 Division Point','Narela','Erie','Pennsylvania','Male','AB+',37,'nbalazs2b@wsj.com','unmarried','1CbAUXOC'),(85,'Fee Bendall','6787762812','8 Crowley Way','Jahangirpuri','Marietta','Georgia','Male','A+',25,'fbendall2c@tiny.cc','married','r1ZGKzPJ7'),(86,'Major Blincow','2156604398','64980 Hazelcrest Center','Rani Bagh','Philadelphia','Pennsylvania','Male','O+',45,'mblincow2d@wiley.com','married','McqV0Owk1v'),(87,'Sharon Tudbald','8104149465','2346 Stang Place','Bawana','Warren','Michigan','Female','B-',22,'studbald2e@spiegel.de','unmarried','IaN4IhTxn'),(88,'Tannie Ollivier','3523357546','30 Dryden Road','Rohini Sub City','Ocala','Florida','Male','O-',33,'tollivier2f@vimeo.com','unmarried','FMeorlyOPW5d'),(89,'Mariquilla Dyster','9155968569','15 Darwin Pass','Pitam Pura','El Paso','Texas','Female','A-',15,'mdyster2g@free.fr','married','MfGZbAawmAA'),(90,'Tori Valentetti','5138791207','296 Maywood Hill','Pitam Pura','Dayton','Ohio','Female','O-',42,'tvalentetti2h@over-blog.com','married','0SNPJd'),(91,'Erna Feeley','9073054876','5831 Maple Wood Road','Jahangirpuri','Anchorage','Alaska','Female','AB-',13,'efeeley2i@washington.edu','unmarried','bhswX40N'),(92,'Lanny Walbridge','9164352274','55 Iowa Way','Adarsh Nagar','Sacramento','California','Male','AB+',32,'lwalbridge2j@icio.us','married','kL1AMb'),(93,'Neddie Bloxland','4045954925','274 Elmside Place','Karala','Decatur','Georgia','Male','O+',34,'nbloxland2k@bloglovin.com','unmarried','NcrM7UCqGo5S'),(94,'Janek Flay','7653211832','76632 Morningstar Road','Kohat Enclave','Crawfordsville','Indiana','Male','AB-',26,'jflay2l@hp.com','unmarried','36wpDs'),(95,'Richardo Dunsleve','7637019644','8981 Bartillon Hill','Ashok Vihar','Minneapolis','Minnesota','Male','O+',36,'rdunsleve2m@livejournal.com','unmarried','tn3aJw8G1d'),(96,'Xylia Silverman','9701882323','9 Transport Road','Pitam Pura','Fort Collins','Colorado','Female','A-',29,'xsilverman2n@nationalgeographic.com','married','77jazhssqc4O'),(97,'Riccardo Simonou','8126569181','057 Kenwood Circle','Karala','Terre Haute','Indiana','Male','A+',49,'rsimonou2o@goo.gl','unmarried','4xBCljLU2'),(98,'Jeanine Ovell','6517660844','07103 Dapin Crossing','Kohat Enclave','Saint Paul','Minnesota','Female','B-',44,'jovell2p@usa.gov','married','a5gfOL'),(99,'Reyna Castano','3034016840','5370 Birchwood Center','Kohat Enclave','Denver','Colorado','Female','B+',44,'rcastano2q@admin.ch','unmarried','JCL453Iz4JN'),(100,'Fowler Atwool','5154246941','42 Burning Wood Court','Rani Bagh','Des Moines','Iowa','Male','B+',46,'fatwool2r@instagram.com','unmarried','dM0nZo'),(101,'Kiersten Bolles','5176156302','80553 Dexter Pass','Jahangirpuri','Lansing','Michigan','Female','AB-',14,'kbolles2s@dot.gov','married','NpPdkglZRTm'),(102,'Ammamaria Esposita','3096698054','1676 Oriole Street','Kingsway Camp','Carol Stream','Illinois','Female','A-',35,'aesposita2t@mozilla.com','unmarried','S2g3kjf'),(103,'Evanne Ygoe','5622348984','45759 Division Hill','Kohat Enclave','Long Beach','California','Female','A+',38,'eygoe2u@ovh.net','married','bAl2Wrt2i6x'),(104,'Davidson Rentz','8054089732','211 Butterfield Avenue','Rani Bagh','Santa Barbara','California','Male','B-',21,'drentz2v@twitter.com','married','DnzadwwZoM'),(105,'Brody Abell','2024882727','9245 Golf Course Trail','Adarsh Nagar','Washington','District of Columbia','Male','AB+',45,'babell2w@berkeley.edu','unmarried','DUw9bhj'),(106,'Ninetta Di Franceschi','5715348408','03771 International Trail','Rithala','Alexandria','Virginia','Female','A-',17,'ndi2x@csmonitor.com','married','Eael7q1'),(107,'Berke Quernel','2102808842','98 Hanson Plaza','Bawana','San Antonio','Texas','Male','O-',24,'bquernel2y@usatoday.com','married','rAO2lUA'),(108,'Nichole Rayson','5038519955','0471 Monument Hill','Rithala','Portland','Oregon','Male','A+',37,'nrayson2z@washingtonpost.com','married','0oWa5GrcL2p'),(109,'Maurene Whitecross','2027345535','48 Messerschmidt Hill','Keshav Puram','Washington','District of Columbia','Female','O-',19,'mwhitecross30@altervista.org','married','MJNRSW'),(110,'Yance Boatwright','9147754798','9 Tennyson Court','Rithala','White Plains','New York','Male','AB-',28,'yboatwright31@bing.com','unmarried','Setmsr558'),(111,'Gray Alvy','8126538902','28929 Bowman Park','Keshav Puram','Terre Haute','Indiana','Female','AB-',20,'galvy32@plala.or.jp','unmarried','SwSB8kNvHPV'),(112,'Marcelle Cotterill','2051382372','80924 Bluejay Circle','Rithala','Birmingham','Alabama','Female','A-',49,'mcotterill33@rediff.com','married','4eFBRykR'),(113,'Rudie McGinney','2149964943','918 Cottonwood Junction','Pitam Pura','Dallas','Texas','Male','O-',32,'rmcginney34@eepurl.com','married','k6qp7iQDUqmm'),(114,'Nessi Shird','3302047894','62 Warrior Hill','Kohat Enclave','Youngstown','Ohio','Female','A-',18,'nshird35@rediff.com','unmarried','mSuapE'),(115,'Gracia Cranefield','5205999329','56 Judy Plaza','Jahangirpuri','Tucson','Arizona','Female','O+',16,'gcranefield36@admin.ch','married','tr5Ngnqoer'),(116,'Hasheem Sneyd','8089513586','4 Division Park','Pitam Pura','Honolulu','Hawaii','Male','B+',19,'hsneyd37@flavors.me','unmarried','lKTV8Cj'),(117,'Harman Andrat','2149338387','269 Dexter Pass','Keshav Puram','Dallas','Texas','Male','B-',20,'handrat38@e-recht24.de','married','eeNsoFTxeUUm'),(118,'Lise Dugall','7708526917','979 Straubel Crossing','Dhaka','Marietta','Georgia','Female','AB-',35,'ldugall39@netvibes.com','married','xCuu4UH7IPJn'),(119,'Aldus Waker','6126403440','509 Schlimgen Parkway','Begum Pur','Minneapolis','Minnesota','Male','AB-',10,'awaker3a@economist.com','unmarried','xOFqjoG8AS'),(120,'Rudolf Free','6169596627','87 Buhler Center','Kohat Enclave','Grand Rapids','Michigan','Male','AB+',30,'rfree3b@virginia.edu','married','SKk3j2XIW'),(121,'Koo Triggol','7702096174','12692 Sullivan Alley','Rithala','Atlanta','Georgia','Female','B-',27,'ktriggol3c@wordpress.org','married','FqimZHfm'),(122,'Gerrilee Cribbins','7019843243','0557 Starling Alley','Begum Pur','Fargo','North Dakota','Female','O+',18,'gcribbins3d@example.com','unmarried','qPEgDo6'),(123,'Aline Whithorn','3049976768','04 North Alley','Begum Pur','Charleston','West Virginia','Female','B-',45,'awhithorn3e@arstechnica.com','married','jECXab'),(124,'Constantin Dobbs','3235576234','981 Pierstorff Place','Jahangirpuri','Los Angeles','California','Male','A-',10,'cdobbs3f@arizona.edu','unmarried','2Qb277adlLsq'),(125,'Ninnette Bolter','9147695505','31935 Reinke Way','Rani Bagh','Mount Vernon','New York','Female','AB+',31,'nbolter3g@sbwire.com','unmarried','eNVa7uL8a'),(126,'Othelia Buterton','7274864358','8052 Susan Drive','Ashok Vihar','Clearwater','Florida','Female','AB+',37,'obuterton3h@free.fr','married','FrCmhgxd'),(127,'Joseito Caro','4021515077','36015 Hansons Point','Bawana','Lincoln','Nebraska','Male','AB-',42,'jcaro3i@merriam-webster.com','unmarried','wbvmJDil7lR8'),(128,'Chelsey Fradson','2484555049','9629 Coolidge Lane','Narela','Troy','Michigan','Female','O+',27,'cfradson3j@creativecommons.org','unmarried','GhnsHA'),(129,'Nye Mills','9513758579','9125 Namekagon Road','Kingsway Camp','Riverside','California','Male','O-',21,'nmills3k@utexas.edu','unmarried','ZGAROl'),(130,'Darwin Breen','6029898465','0 1st Lane','Jahangirpuri','Phoenix','Arizona','Male','A+',17,'dbreen3l@csmonitor.com','unmarried','s0Cgvcz'),(131,'Delmor D\'Avaux','7635385607','60 Anzinger Avenue','Azadpur','Minneapolis','Minnesota','Male','A+',20,'ddavaux3m@uiuc.edu','married','T74fhLBh'),(132,'Giraud Rasor','3527322626','7 Sauthoff Crossing','Jahangirpuri','Ocala','Florida','Male','B+',33,'grasor3n@hubpages.com','married','Tqer71KXHY'),(133,'Violet Presslie','5739225451','064 Upham Circle','Keshav Puram','Jefferson City','Missouri','Female','A-',23,'vpresslie3o@nyu.edu','unmarried','TLnfu9ml'),(134,'Rem Bhar','7205209258','24 David Center','Kohat Enclave','Arvada','Colorado','Male','B+',32,'rbhar3p@1688.com','married','guYPoxK3'),(135,'Valida Zorer','7132600146','9 Talisman Parkway','Kohat Enclave','Houston','Texas','Female','O+',46,'vzorer3q@telegraph.co.uk','unmarried','M07yISuVJyx'),(136,'Wood Andriulis','9156598356','80947 Mendota Point','Shalimar Bagh','El Paso','Texas','Male','A+',45,'wandriulis3r@psu.edu','married','zzts59rq'),(137,'Kerrin Heindle','4044116874','8 Graedel Crossing','Pitam Pura','Atlanta','Georgia','Female','B+',46,'kheindle3s@google.ca','married','VdFpSYDTd3b5'),(138,'Alair Hannay','9258012225','85 Dryden Street','Rohini Sub City','Hayward','California','Male','O-',19,'ahannay3t@apple.com','married','pUh1OBP'),(139,'Flora Andrus','2071295981','6283 Melrose Center','Model Town','Portland','Maine','Female','B+',45,'fandrus3u@tmall.com','married','nxSHjo'),(140,'Berke Baile','2127554294','46330 Bunting Way','Model Town','Brooklyn','New York','Male','O-',24,'bbaile3v@xing.com','unmarried','3LjnZgf'),(141,'Ollie Anfosso','9371385598','96 Sachs Pass','Shalimar Bagh','Dayton','Ohio','Female','A+',48,'oanfosso3w@usnews.com','married','P1Zqakrp'),(142,'Letti Deason','8061971822','27 Sauthoff Point','Narela','Amarillo','Texas','Female','B+',33,'ldeason3x@examiner.com','unmarried','dxjYuGMfcb'),(143,'Dotty Barrie','4053148173','11 Reindahl Terrace','Shalimar Bagh','Oklahoma City','Oklahoma','Female','A-',28,'dbarrie3y@theglobeandmail.com','married','54KLs6LNRpb'),(144,'Fin Pretor','5155672709','137 Autumn Leaf Point','Model Town','Des Moines','Iowa','Male','AB+',35,'fpretor3z@technorati.com','unmarried','SIGSYJHEGFWh'),(145,'Ezra Costi','8016471478','50637 Steensland Center','Bawana','Salt Lake City','Utah','Male','O+',11,'ecosti40@engadget.com','married','wHfBOdMvL'),(146,'Bryn Wem','3132227398','43703 Spohn Lane','Pitam Pura','Detroit','Michigan','Male','O-',34,'bwem41@wufoo.com','married','IxjB37I'),(147,'Malory Peebles','5049843001','5 Petterle Point','Narela','New Orleans','Louisiana','Female','O+',45,'mpeebles42@pbs.org','unmarried','0y4tt3'),(148,'Carr Deards','5052635037','30041 Leroy Drive','Adarsh Nagar','Albuquerque','New Mexico','Male','O-',18,'cdeards43@senate.gov','married','Svsr5HgC3x'),(149,'Minne Oxbrow','3036634415','8993 Lakeland Road','Keshav Puram','Boulder','Colorado','Female','AB-',17,'moxbrow44@meetup.com','married','1x3Caz2D6ZV5'),(150,'Juli Headford','3605417772','61 Sugar Terrace','Dhaka','Seattle','Washington','Female','B-',37,'jheadford45@dion.ne.jp','married','wwynmeCoe'),(151,'Fransisco Tunnacliffe','5714926547','81 Summer Ridge Parkway','Karala','Falls Church','Virginia','Male','A+',30,'ftunnacliffe46@yellowpages.com','married','65TDER'),(152,'Elissa Bothe','2131081758','4115 Forest Dale Parkway','Azadpur','Los Angeles','California','Female','O+',45,'ebothe47@fema.gov','married','2vmgZMB'),(153,'Thedrick Fidelli','6145175433','06 Rigney Alley','Bawana','Columbus','Ohio','Male','A+',22,'tfidelli48@shop-pro.jp','married','0Bb9ilLSSmpG'),(154,'Les Asson','8169258835','27 Carpenter Avenue','Rohini Sub City','Kansas City','Missouri','Male','B+',20,'lasson49@bing.com','married','CfBPcI'),(155,'Rhody MacCague','9044006080','682 Scott Street','Dhaka','Saint Augustine','Florida','Female','A-',22,'rmaccague4a@theglobeandmail.com','married','bR6u53bm5'),(156,'Evered Soda','3107964408','13 Monica Terrace','Rohini Sub City','Palo Alto','California','Male','A+',40,'esoda4b@sina.com.cn','married','6KASJA9'),(157,'Jemie Moorton','7142847684','48240 Reinke Street','Ashok Vihar','Santa Ana','California','Female','O+',16,'jmoorton4c@ask.com','unmarried','g1GuAl'),(158,'Allin McCandie','2818197897','8895 Vahlen Pass','Narela','Houston','Texas','Male','B+',36,'amccandie4d@addtoany.com','unmarried','zREZISjlOwSL'),(159,'Niccolo Burghill','3169390310','44840 Dahle Avenue','Rithala','Wichita','Kansas','Male','B+',30,'nburghill4e@opensource.org','unmarried','BGTyM2L'),(160,'Joaquin Coxhead','5718731237','37535 Clyde Gallagher Avenue','Kingsway Camp','Sterling','Virginia','Male','O-',22,'jcoxhead4f@hp.com','unmarried','dJdInfNpefu'),(161,'Sally Lecky','9048387810','90774 Linden Alley','Pitam Pura','Jacksonville','Florida','Female','B+',24,'slecky4g@aol.com','married','wmcCdb0RMy'),(162,'Vivie Prydden','3609121291','91 Fieldstone Hill','Model Town','Olympia','Washington','Female','O+',11,'vprydden4h@rediff.com','unmarried','n4ARAm'),(163,'Darrel Hatton','5035613681','7 Lakewood Road','Ashok Vihar','Portland','Oregon','Male','AB-',26,'dhatton4i@addtoany.com','married','54HHyr'),(164,'Robinia Snipe','2085864664','44149 Luster Circle','Bawana','Boise','Idaho','Female','O-',45,'rsnipe4j@bizjournals.com','unmarried','W7yHip2KF'),(165,'Norri Iron','3375270332','0 Hazelcrest Plaza','Rithala','Lake Charles','Louisiana','Female','O-',48,'niron4k@marketwatch.com','married','96h82G'),(166,'Candice Bretherick','5711483878','4423 Eastlawn Court','Shalimar Bagh','Ashburn','Virginia','Female','AB-',48,'cbretherick4l@chronoengine.com','unmarried','liE7RsZn3E'),(167,'Hodge Gonsalo','4695556709','69 Sunnyside Point','Rithala','Dallas','Texas','Male','B+',30,'hgonsalo4m@sciencedaily.com','married','C8pco3X'),(168,'Mannie Dooly','8304503219','879 Nevada Alley','Ashok Vihar','San Antonio','Texas','Male','AB-',33,'mdooly4n@privacy.gov.au','unmarried','FgiqdOvKJz'),(169,'Reina Challens','9513575202','4987 Mockingbird Circle','Pitam Pura','Riverside','California','Female','A-',41,'rchallens4o@google.cn','unmarried','dQybflbHS7I'),(170,'Parry Durrans','7145736517','478 Moulton Point','Model Town','Brea','California','Male','AB-',17,'pdurrans4p@admin.ch','unmarried','hGoIqMSjQVrL'),(171,'Muhammad Fayter','4152153990','44 Hansons Plaza','Begum Pur','San Francisco','California','Male','AB+',49,'mfayter4q@ovh.net','unmarried','A15VcAoGw0'),(172,'Stinky Poveleye','6027308865','9590 Pennsylvania Center','Rohini Sub City','Phoenix','Arizona','Male','B-',11,'spoveleye4r@reverbnation.com','married','otaAlnw5N'),(173,'Keeley Keohane','5593889457','756 Vidon Alley','Shalimar Bagh','Fresno','California','Female','A-',38,'kkeohane4s@dailymotion.com','unmarried','9jVTtZgnxG'),(174,'Marguerite Kroin','2104155581','5172 Warrior Plaza','Kohat Enclave','San Antonio','Texas','Female','A+',10,'mkroin4t@addthis.com','unmarried','RCMRmQyfl'),(175,'Ty Risdale','6025708755','21291 Jay Trail','Rithala','Phoenix','Arizona','Male','AB-',21,'trisdale4u@stanford.edu','married','v8XPseWW'),(176,'Emmery Dimblebee','9372471303','4 Hooker Circle','Adarsh Nagar','Dayton','Ohio','Male','B+',42,'edimblebee4v@dion.ne.jp','unmarried','ghu6l8cruar'),(177,'Janel Christopher','4021647460','0031 Schlimgen Drive','Azadpur','Omaha','Nebraska','Female','A-',13,'jchristopher4w@ox.ac.uk','unmarried','BVVxNqtL'),(178,'Tedi Lissaman','5107057352','01 Dryden Way','Rohini Sub City','Richmond','California','Female','AB-',40,'tlissaman4x@behance.net','unmarried','psAalJUlGFJa'),(179,'Marne Udy','7571754614','71 Maywood Drive','Shalimar Bagh','Norfolk','Virginia','Female','AB-',25,'mudy4y@cafepress.com','unmarried','972OoJ'),(180,'Burt O\' Reagan','8501512105','31312 Kinsman Lane','Karala','Panama City','Florida','Male','A-',17,'bo4z@boston.com','unmarried','Cp5fG7lFEMZy'),(181,'Benedetta Bramble','3058489261','11 Morningstar Lane','Adarsh Nagar','Hollywood','Florida','Female','AB+',41,'bbramble50@google.it','unmarried','KTRYvLM'),(182,'Adolpho Reinhardt','2172366367','37 Westerfield Trail','Jahangirpuri','Springfield','Illinois','Male','A+',15,'areinhardt51@vinaora.com','unmarried','SMMbNvY4RKt'),(183,'Ernestine Scrimshire','4046628494','535 Gateway Way','Narela','Atlanta','Georgia','Female','O+',25,'escrimshire52@so-net.ne.jp','unmarried','oqhNCFnN7g'),(184,'Tarah Daily','5097017683','30 Crownhardt Junction','Bawana','Spokane','Washington','Female','A+',25,'tdaily53@webs.com','unmarried','2vavgITPA2AP'),(185,'Shaun Robson','2136331012','87239 Orin Point','Begum Pur','Los Angeles','California','Female','O-',27,'srobson54@time.com','married','soCKgpD'),(186,'Deerdre Basnett','5189587328','2426 Parkside Point','Kingsway Camp','Albany','New York','Female','AB+',48,'dbasnett55@house.gov','unmarried','dmG9mHoDd'),(187,'Vanya Baudacci','3177726916','527 Sutteridge Park','Model Town','Indianapolis','Indiana','Female','O+',47,'vbaudacci56@eventbrite.com','married','OyWK90i6NuH'),(188,'Godfree Nelius','7575532523','88081 Montana Junction','Pitam Pura','Norfolk','Virginia','Male','A+',17,'gnelius57@example.com','married','IcMbNqwdLj'),(189,'Doll Bedell','2025484251','00312 Kensington Plaza','Rohini Sub City','Washington','District of Columbia','Female','AB-',45,'dbedell58@omniture.com','unmarried','6ithgwSSha'),(190,'Baxy Haines','5204409891','7 Lillian Alley','Rohini Sub City','Tucson','Arizona','Male','B-',33,'bhaines59@reddit.com','married','mvyPBrsv5VgL'),(191,'Emmaline Trahmel','9153463036','9995 Boyd Point','Model Town','El Paso','Texas','Female','A-',13,'etrahmel5a@census.gov','unmarried','JWsvK9Qb'),(192,'Madelaine Briddle','8138654055','824 Memorial Lane','Bawana','Tampa','Florida','Female','A-',21,'mbriddle5b@php.net','unmarried','7TEJCCU0yR'),(193,'Janey Pickup','8049366506','92 Elka Avenue','Azadpur','Richmond','Virginia','Female','B+',28,'jpickup5c@bbc.co.uk','married','N1jRK3'),(194,'Ezekiel Blenkensop','6031357249','006 Johnson Drive','Keshav Puram','Portsmouth','New Hampshire','Male','A+',42,'eblenkensop5d@go.com','unmarried','03vb85CIPV'),(195,'Gertie Koppen','9091331594','1 Oneill Trail','Kingsway Camp','San Bernardino','California','Female','B-',11,'gkoppen5e@cornell.edu','unmarried','CHl23BF4v'),(196,'Tarrance Aitkenhead','7606641171','43 Sutherland Circle','Begum Pur','San Bernardino','California','Male','A+',40,'taitkenhead5f@drupal.org','unmarried','anhMGc'),(197,'Raye Wigsell','8128020973','1 Clove Drive','Kohat Enclave','Terre Haute','Indiana','Female','B-',41,'rwigsell5g@sitemeter.com','married','BX71sO2PZ8U'),(198,'Gaelan Devitt','8123412188','1 Cascade Hill','Shalimar Bagh','Evansville','Indiana','Male','A-',39,'gdevitt5h@engadget.com','married','Q5LpnYx'),(199,'Jacobo Bengall','9045402635','0246 Everett Street','Rohini Sub City','Jacksonville','Florida','Male','B-',11,'jbengall5i@abc.net.au','unmarried','MkC4e0l'),(200,'Rebe Mumford','5406528768','549 Colorado Alley','Bawana','Roanoke','Virginia','Female','A+',34,'rmumford5j@nationalgeographic.com','married','7narZLnoe'),(201,'Ric Farfalameev','8013633018','5 Coolidge Trail','Karala','Salt Lake City','Utah','Male','O-',29,'rfarfalameev5k@163.com','unmarried','r5K8Hhe'),(202,'Joanna Valentine','2129334644','6023 Dunning Road','Shalimar Bagh','New York City','New York','Female','O-',42,'jvalentine5l@reddit.com','married','JvgdMddhVm'),(203,'Ranique Kissock','3606244727','745 Del Mar Court','Dhaka','Olympia','Washington','Female','A-',12,'rkissock5m@drupal.org','married','dF9YELsP2K'),(204,'Dayle O\'Beirne','3142356270','87 Longview Plaza','Azadpur','Saint Louis','Missouri','Female','A-',27,'dobeirne5n@desdev.cn','unmarried','k2QN2zgJ'),(205,'Mabel Dessaur','5409151454','54536 6th Lane','Azadpur','Roanoke','Virginia','Female','AB+',23,'mdessaur5o@linkedin.com','married','IXT6aZWAf2'),(206,'Gabbey Levitt','2164915898','049 Schlimgen Road','Shalimar Bagh','Cleveland','Ohio','Female','O-',15,'glevitt5p@quantcast.com','unmarried','f9RE0g'),(207,'Saleem Dooly','5098078693','285 Westport Way','Rohini Sub City','Spokane','Washington','Male','AB-',18,'sdooly5q@constantcontact.com','married','kni3ywliMcjM'),(208,'Any Kilian','7024432569','1 Old Shore Point','Keshav Puram','Las Vegas','Nevada','Male','A-',35,'akilian5r@blogger.com','married','Yw8uB75'),(209,'Addy Mingame','4137775121','3611 Ruskin Plaza','Model Town','Springfield','Massachusetts','Female','AB-',32,'amingame5s@cocolog-nifty.com','unmarried','njYwEKT'),(210,'Jillayne Sleford','5307130051','3 Delaware Terrace','Kingsway Camp','South Lake Tahoe','California','Female','B-',29,'jsleford5t@ovh.net','married','rrQGoS505'),(211,'Raymond Hubane','5598557301','678 Eagle Crest Avenue','Rohini Sub City','Fresno','California','Male','A+',46,'rhubane5u@storify.com','unmarried','0D8pGF9n'),(212,'Deborah Michurin','8628488481','3476 Meadow Vale Terrace','Narela','Paterson','New Jersey','Female','A+',28,'dmichurin5v@soup.io','unmarried','12EnS1H'),(213,'Ginger McFaul','9017792289','40595 Scott Pass','Rani Bagh','Memphis','Tennessee','Male','A-',23,'gmcfaul5w@bravesites.com','unmarried','63OHfGqy0l'),(214,'Othello Antonutti','9782956638','0428 Hanover Plaza','Rithala','Boston','Massachusetts','Male','A+',33,'oantonutti5x@whitehouse.gov','unmarried','C6wecmw'),(215,'Samuele Tatham','7853084703','18196 Pawling Circle','Kingsway Camp','Topeka','Kansas','Male','O-',16,'statham5y@instagram.com','married','z9KCdrN'),(216,'Asher Samuels','6152762886','968 Kinsman Park','Keshav Puram','Nashville','Tennessee','Male','A+',39,'asamuels5z@woothemes.com','unmarried','QCOlDPnP'),(217,'Hartwell Tankard','2255607232','4 Sullivan Crossing','Azadpur','Baton Rouge','Louisiana','Male','AB-',27,'htankard60@accuweather.com','married','y6y4aGNrR7Dh'),(218,'Bruis McTrustey','2677976145','5434 Stoughton Avenue','Ashok Vihar','Philadelphia','Pennsylvania','Male','A-',46,'bmctrustey61@paginegialle.it','unmarried','sQDViFO7B0WB'),(219,'Dana Flannery','7321044292','427 Stone Corner Park','Begum Pur','New Brunswick','New Jersey','Male','A+',20,'dflannery62@aboutads.info','married','kZtuxEkmO9KT'),(220,'Olenolin Dawid','6149718830','8850 Orin Junction','Shalimar Bagh','Columbus','Ohio','Male','B+',22,'odawid63@bbc.co.uk','unmarried','J3MxQK6LH0'),(221,'Darla Rains','7578730036','460 Northfield Crossing','Rani Bagh','Norfolk','Virginia','Female','B+',14,'drains64@java.com','married','yhMVqOqr'),(222,'Saloma Shambrooke','7859433427','958 Scofield Way','Karala','Topeka','Kansas','Female','AB-',13,'sshambrooke65@so-net.ne.jp','unmarried','Fq8RLoQck'),(223,'Zack Cassius','9037586980','3154 Fallview Road','Karala','Tyler','Texas','Male','AB-',40,'zcassius66@jalbum.net','unmarried','sbHZMI'),(224,'Justine Woodburn','4406269219','42499 American Ash Avenue','Model Town','Cleveland','Ohio','Female','B-',29,'jwoodburn67@netlog.com','unmarried','g88w7Yma5h1'),(225,'Guillermo Della Scala','5137903779','9813 Eastlawn Terrace','Jahangirpuri','Cincinnati','Ohio','Male','O-',28,'gdella68@seesaa.net','unmarried','mAtBvJwau'),(226,'Kelsi Dudson','8059459082','059 Mayfield Drive','Narela','San Luis Obispo','California','Female','AB-',28,'kdudson69@wufoo.com','married','uEVAl3Rnr'),(227,'Cathi Parry','3037511914','829 Russell Lane','Narela','Boulder','Colorado','Female','O-',42,'cparry6a@pcworld.com','married','gGgC0jy6PuF'),(228,'Lianna Vallery','2281426134','70492 Melody Place','Keshav Puram','Biloxi','Mississippi','Female','A-',38,'lvallery6b@weather.com','married','Rx643lv'),(229,'Celinda Alpes','8014839921','1 Sachs Avenue','Shalimar Bagh','Salt Lake City','Utah','Female','B+',14,'calpes6c@state.tx.us','married','YYjehr'),(230,'Lesley McLucas','9367802846','5 Hoffman Road','Shalimar Bagh','Conroe','Texas','Female','AB+',46,'lmclucas6d@sciencedaily.com','unmarried','Hxy6XjrHm'),(231,'Dani Fazan','4024225303','545 Charing Cross Crossing','Pitam Pura','Lincoln','Nebraska','Male','O+',37,'dfazan6e@boston.com','married','5NE3t7WxuxJ'),(232,'Rogerio Jeanes','3187363636','28 Center Hill','Rani Bagh','Shreveport','Louisiana','Male','B+',40,'rjeanes6f@stanford.edu','unmarried','WS1pv85l'),(233,'Else Davey','4346706113','73506 Monterey Way','Shalimar Bagh','Durham','North Carolina','Female','B+',21,'edavey6g@google.de','married','uYPCB1mrm'),(234,'Maynard Coward','3301312322','63696 Summerview Pass','Jahangirpuri','Akron','Ohio','Male','AB-',40,'mcoward6h@parallels.com','married','PzpP1m4'),(235,'Jorrie Duddan','6149599729','214 Packers Junction','Rani Bagh','Columbus','Ohio','Female','A+',45,'jduddan6i@economist.com','married','5FTh5Q5'),(236,'Alexandr Siddons','3527809553','1915 Buena Vista Plaza','Model Town','Spring Hill','Florida','Male','B+',15,'asiddons6j@timesonline.co.uk','unmarried','feZwGlvGwY'),(237,'Jedd Bisseker','2142651058','8750 Evergreen Court','Jahangirpuri','Dallas','Texas','Male','A+',20,'jbisseker6k@w3.org','married','Pt5FsF'),(238,'Kylie Redding','7578043684','5 Red Cloud Pass','Model Town','Chesapeake','Virginia','Male','O-',38,'kredding6l@washington.edu','unmarried','72kOORWTv'),(239,'Lanny Fiddeman','9155485937','29227 Bunting Center','Model Town','El Paso','Texas','Male','B+',23,'lfiddeman6m@drupal.org','unmarried','BuZme2CkPd'),(240,'Roanna Cruikshanks','2145412149','24 Kennedy Circle','Jahangirpuri','Dallas','Texas','Female','AB+',11,'rcruikshanks6n@lulu.com','unmarried','NFwYPzELET'),(241,'Anstice Kneebone','9012078900','181 Upham Point','Model Town','Memphis','Tennessee','Female','O-',11,'akneebone6o@ucsd.edu','unmarried','w7H3Ar'),(242,'Ortensia Grayshon','3046396217','3 Vidon Terrace','Karala','Huntington','West Virginia','Female','B+',14,'ograyshon6p@squarespace.com','married','pCMYXjOxaD'),(243,'Basil Rolance','3187308858','6296 Grover Street','Keshav Puram','Shreveport','Louisiana','Male','AB+',34,'brolance6q@ameblo.jp','married','Jiojo731INWR'),(244,'Christy Scheffler','5203281459','79203 Anniversary Terrace','Bawana','Tucson','Arizona','Female','AB-',36,'cscheffler6r@php.net','married','WD5ZdmVgVj'),(245,'Wyn Lindblom','3093553643','5 Memorial Pass','Rani Bagh','Peoria','Illinois','Male','AB+',41,'wlindblom6s@timesonline.co.uk','married','9LgcAOR6wHG2'),(246,'Kurtis Giacomozzo','7735414894','77053 Warbler Road','Begum Pur','Chicago','Illinois','Male','B-',44,'kgiacomozzo6t@cbsnews.com','unmarried','OtNtoBGOA4'),(247,'Ferdinanda Chatt','3342153347','84179 Southridge Terrace','Kingsway Camp','Montgomery','Alabama','Female','O-',25,'fchatt6u@opera.com','married','VnHZDNTbD2'),(248,'Leona Gudahy','3373215722','5745 Marquette Pass','Dhaka','Lafayette','Louisiana','Female','O-',18,'lgudahy6v@time.com','married','7SjwhayGEYM'),(249,'Kirstyn Martt','7043587759','80713 Daystar Park','Shalimar Bagh','Charlotte','North Carolina','Female','O-',14,'kmartt6w@shutterfly.com','unmarried','5QEUMkbqM0NT'),(250,'Alyce Bartholin','7637186106','19613 Sutherland Pass','Karala','Minneapolis','Minnesota','Female','AB-',40,'abartholin6x@google.nl','married','MTv3tsaPAF'),(251,'Clementia Harbour','5705991257','59 Namekagon Street','Ashok Vihar','Wilkes Barre','Pennsylvania','Female','O-',48,'charbour6y@hatena.ne.jp','unmarried','ZR1KjI'),(252,'Jemie Jewks','3175863957','9 Old Gate Avenue','Azadpur','Indianapolis','Indiana','Female','AB-',18,'jjewks6z@biblegateway.com','unmarried','Eff8BKu3zo6d'),(253,'Jania Bester','7207535027','18124 Anzinger Alley','Bawana','Littleton','Colorado','Female','O+',19,'jbester70@netscape.com','unmarried','GdsqpDE9'),(254,'Sissy Klas','5182540610','9649 Melby Crossing','Model Town','Albany','New York','Female','O-',21,'sklas71@reference.com','married','H8ntfZZvQLOC'),(255,'Mort Corry','3308631979','2 Lillian Junction','Kohat Enclave','Warren','Ohio','Male','AB+',12,'mcorry72@comsenz.com','unmarried','RKecHSv3jD'),(256,'Bondon Marsh','9893845893','187 Nobel Parkway','Kohat Enclave','Saginaw','Michigan','Male','B-',14,'bmarsh73@forbes.com','married','C1I4VX'),(257,'Rosita Randal','8146515195','2 Anthes Drive','Karala','Erie','Pennsylvania','Female','AB+',41,'rrandal74@washingtonpost.com','unmarried','nrHNpcuZ1'),(258,'Junie Custy','4785287883','1 Tomscot Street','Shalimar Bagh','Macon','Georgia','Female','AB-',31,'jcusty75@infoseek.co.jp','married','fA9KMmmX9'),(259,'Abbot McFetridge','3187555531','971 Graedel Parkway','Azadpur','Alexandria','Louisiana','Male','A+',47,'amcfetridge76@washingtonpost.com','unmarried','RBGhQSvtpbYb'),(260,'Jobina Thorouggood','3526459340','123 Nova Circle','Rohini Sub City','Gainesville','Florida','Female','B-',28,'jthorouggood77@google.com.hk','unmarried','p72HQH0PS'),(261,'Madelyn Simcock','2146126814','779 Del Mar Street','Kingsway Camp','Dallas','Texas','Female','B-',27,'msimcock78@linkedin.com','married','K5IRxj'),(262,'Bibi Willwood','3059972152','4 Clarendon Crossing','Keshav Puram','Miami Beach','Florida','Female','A-',33,'bwillwood79@cornell.edu','unmarried','Nlo7oN'),(263,'Melva Lumpkin','2165842322','99 Weeping Birch Street','Rani Bagh','Cleveland','Ohio','Female','A+',21,'mlumpkin7a@japanpost.jp','unmarried','NrAsUagwc'),(264,'Cecile Tarbard','3303316698','1360 Sommers Pass','Rithala','Canton','Ohio','Female','B+',43,'ctarbard7b@columbia.edu','married','hDAz9ZK'),(265,'Ora Quinevan','5043162729','33375 Sachs Pass','Azadpur','New Orleans','Louisiana','Female','O-',16,'oquinevan7c@wired.com','married','57eeQF'),(266,'Arman Chalder','2024039868','86621 Warbler Circle','Rithala','Washington','District of Columbia','Male','AB-',12,'achalder7d@mediafire.com','unmarried','pTLwTrRhy1'),(267,'Adan Krinks','7543147456','9591 Bluestem Crossing','Adarsh Nagar','Fort Lauderdale','Florida','Female','B-',40,'akrinks7e@reddit.com','unmarried','yqSB7UXQPr'),(268,'Sukey Ren','6059129124','2 Mccormick Parkway','Begum Pur','Sioux Falls','South Dakota','Female','A+',15,'sren7f@sohu.com','married','HXlB1uTI4PT3'),(269,'Maurits Chadwick','2021733529','14 Delaware Terrace','Rohini Sub City','Washington','District of Columbia','Male','B+',47,'mchadwick7g@so-net.ne.jp','unmarried','wgd8Bc'),(270,'Matilde Gurry','5156886481','367 Nancy Hill','Ashok Vihar','Des Moines','Iowa','Female','O-',19,'mgurry7h@techcrunch.com','married','hIPx1uD'),(271,'Mellicent Bowlas','4249360808','78975 Oxford Hill','Kingsway Camp','Los Angeles','California','Female','A-',24,'mbowlas7i@nasa.gov','unmarried','xZpzlb'),(272,'Marylin Shapter','6129770576','35879 Village Circle','Bawana','Minneapolis','Minnesota','Female','AB+',36,'mshapter7j@harvard.edu','unmarried','nHa5asvnG'),(273,'Rickert Filtness','9034451436','39052 Hoepker Park','Rohini Sub City','Tyler','Texas','Male','AB-',36,'rfiltness7k@ezinearticles.com','unmarried','gW5fN7pq'),(274,'Elizabet Durek','6101500606','68499 Sunbrook Parkway','Rohini Sub City','Reading','Pennsylvania','Female','AB-',22,'edurek7l@storify.com','unmarried','dCPMM6bD7BfL'),(275,'Ali Mariyushkin','4135243634','3 Luster Crossing','Rithala','Springfield','Massachusetts','Male','B+',42,'amariyushkin7m@ca.gov','married','FgjXHmLhBi'),(276,'Suzie Gommery','9082263517','403 Garrison Junction','Azadpur','Elizabeth','New Jersey','Female','O+',39,'sgommery7n@marketwatch.com','married','4ZI44PTSUTUH'),(277,'Adolph Rathe','5712917979','79 Northview Drive','Model Town','Dulles','Virginia','Male','A-',39,'arathe7o@elpais.com','married','XmWvdnX76j'),(278,'Elfie Goathrop','6177207767','2618 Havey Court','Rani Bagh','Boston','Massachusetts','Female','AB+',26,'egoathrop7p@sciencedaily.com','unmarried','tBGvojmyuvQ'),(279,'Janessa O\'Devey','6147142921','3 Oak Court','Ashok Vihar','Columbus','Ohio','Female','B-',13,'jodevey7q@phpbb.com','unmarried','eDhGHDeUj9'),(280,'Ewart Danbrook','8083657840','8353 Express Lane','Rani Bagh','Honolulu','Hawaii','Male','B-',28,'edanbrook7r@free.fr','married','aahdhlnvMRX9'),(281,'Stanislaw Pollastrone','3169902248','371 Dunning Terrace','Pitam Pura','Wichita','Kansas','Male','AB-',25,'spollastrone7s@sohu.com','married','MzJseT'),(282,'Blanch Sor','8435773706','5 Declaration Center','Dhaka','Beaufort','South Carolina','Female','O+',46,'bsor7t@google.fr','married','5wPF0C'),(283,'Valentine Swaby','5109945533','08013 Vahlen Circle','Azadpur','Oakland','California','Male','AB-',13,'vswaby7u@census.gov','married','AOgQOAtZWlzm'),(284,'Maiga Worgan','7205106693','8 Cody Street','Bawana','Denver','Colorado','Female','AB+',20,'mworgan7v@techcrunch.com','married','jvLsBsBA'),(285,'Faustina Bourner','9516337054','0069 Scoville Lane','Kingsway Camp','Moreno Valley','California','Female','A+',23,'fbourner7w@salon.com','married','OtT3S6JfQK'),(286,'Yolane McCaighey','8037030640','3 Farragut Plaza','Model Town','Columbia','South Carolina','Female','AB+',11,'ymccaighey7x@upenn.edu','married','OZMqXDh3P'),(287,'Adolph Lunk','2089871004','350 Loeprich Way','Rohini Sub City','Boise','Idaho','Male','AB+',14,'alunk7y@wikimedia.org','unmarried','bWdJq2r'),(288,'Charity Clemente','9167876027','6 High Crossing Court','Kohat Enclave','Sacramento','California','Female','AB-',46,'cclemente7z@wikia.com','married','CXZ9TETUi'),(289,'Randy Eldrid','4043230994','958 High Crossing Place','Narela','Atlanta','Georgia','Male','B+',41,'reldrid80@google.ru','unmarried','LVeF5cJ'),(290,'Frank Ivashov','2106738256','67 Onsgard Crossing','Shalimar Bagh','San Antonio','Texas','Male','AB-',11,'fivashov81@twitter.com','married','hPkQk0'),(291,'Keith MacCartney','8164491815','954 Atwood Crossing','Bawana','Kansas City','Missouri','Male','AB-',30,'kmaccartney82@nba.com','unmarried','GQmr52q6Kj'),(292,'Kean Scotter','5045482930','58 Lakeland Plaza','Dhaka','New Orleans','Louisiana','Male','O+',25,'kscotter83@mashable.com','married','2NQWISXb'),(293,'Keith Rawsthorne','8622760585','13061 Heffernan Park','Ashok Vihar','Newark','New Jersey','Male','AB-',49,'krawsthorne84@rediff.com','married','9KDkx4mkcnbm'),(294,'Tracie Brooke','3054568177','11086 Melvin Junction','Shalimar Bagh','Miami','Florida','Male','AB-',11,'tbrooke85@noaa.gov','married','1mr1s9'),(295,'Wiatt MacAleese','8606444231','0 Independence Street','Model Town','West Hartford','Connecticut','Male','A-',42,'wmacaleese86@webeden.co.uk','married','7oYNalQW280'),(296,'Berrie Grange','8608570231','5 Montana Terrace','Model Town','Hartford','Connecticut','Female','O-',22,'bgrange87@slate.com','unmarried','CpwDTVFqhPtk'),(297,'Griffy Phalp','5044050880','7741 Dunning Way','Kingsway Camp','New Orleans','Louisiana','Male','A+',10,'gphalp88@scribd.com','married','o7wTblwI9Nal'),(298,'Ethe Stable','2811732159','3 7th Park','Jahangirpuri','Houston','Texas','Male','O+',12,'estable89@nydailynews.com','married','U1yVNB'),(299,'Sally Smees','8437732633','1905 Packers Parkway','Rani Bagh','Florence','South Carolina','Female','O+',48,'ssmees8a@dion.ne.jp','unmarried','LmOxMRjKp5'),(300,'Esther Vanyard','9161795299','40499 Florence Pass','Bawana','Sacramento','California','Female','B-',33,'evanyard8b@bizjournals.com','married','zStZNnCgWnE5'),(301,'Esther Attrill','3186583408','7279 Sundown Hill','Pitam Pura','Monroe','Louisiana','Female','AB-',31,'eattrill8c@dedecms.com','married','pdASbM3GqV'),(302,'Stafford O\'Cleary','2142707240','7 Anderson Point','Bawana','Dallas','Texas','Male','B-',28,'socleary8d@miibeian.gov.cn','unmarried','ym0cwV9'),(303,'Enrika Townes','6624598430','13 Granby Street','Kingsway Camp','Columbus','Mississippi','Female','A-',43,'etownes8e@edublogs.org','married','rd8zccGFM2'),(304,'Glad Asbery','2024043383','9048 Parkside Terrace','Begum Pur','Washington','District of Columbia','Female','AB+',27,'gasbery8f@uiuc.edu','married','8RwzfGPD'),(305,'Aguste Conville','6512073798','5994 Manufacturers Avenue','Karala','Saint Paul','Minnesota','Male','O+',15,'aconville8g@youku.com','unmarried','3VV5JSa'),(306,'Kerby Tommasetti','2126233184','4059 Moland Pass','Kohat Enclave','New York City','New York','Male','B-',37,'ktommasetti8h@sakura.ne.jp','unmarried','x2N867'),(307,'Fania O\'Crotty','4071006104','0406 Elgar Trail','Bawana','Orlando','Florida','Female','AB-',28,'focrotty8i@reverbnation.com','unmarried','AjhjPvF9'),(308,'Elly Hinge','8121632588','208 Mcbride Trail','Karala','Terre Haute','Indiana','Female','B+',28,'ehinge8j@oakley.com','unmarried','OnxuZV'),(309,'Kele Eardley','2128327829','7 Fisk Hill','Model Town','New York City','New York','Male','AB-',22,'keardley8k@webeden.co.uk','unmarried','z6zxU1'),(310,'Hymie Ovington','6021476208','18637 Lunder Lane','Rithala','Scottsdale','Arizona','Male','A+',35,'hovington8l@edublogs.org','married','6FKokO'),(311,'Terrel Guidelli','2141481487','93 David Parkway','Narela','Dallas','Texas','Male','O+',47,'tguidelli8m@sakura.ne.jp','married','Cn9eK7'),(312,'Wittie Castelot','2028066295','74024 Fulton Terrace','Dhaka','Washington','District of Columbia','Male','B-',19,'wcastelot8n@over-blog.com','unmarried','G7ZM5oW8wvf'),(313,'Shina Rees','3136329697','849 Shoshone Junction','Jahangirpuri','Detroit','Michigan','Female','A+',37,'srees8o@accuweather.com','unmarried','hBYQ4Y'),(314,'Torr Mapes','9165493155','3972 Claremont Terrace','Model Town','Sacramento','California','Male','O+',18,'tmapes8p@opensource.org','unmarried','jjwGc8jX'),(315,'Tory Sevitt','2064945293','0 Bluestem Way','Pitam Pura','Seattle','Washington','Female','O-',26,'tsevitt8q@earthlink.net','unmarried','Gn1mWw'),(316,'Theressa Knibb','5616804525','175 Logan Trail','Shalimar Bagh','Palm Bay','Florida','Female','AB+',39,'tknibb8r@1und1.de','unmarried','zU9Y8DNcWar'),(317,'Fredia Musk','3615393453','487 Larry Plaza','Shalimar Bagh','Corpus Christi','Texas','Female','A-',44,'fmusk8s@123-reg.co.uk','married','SfWGOxB1h'),(318,'Cy Goldin','2673740822','44508 Bunker Hill Hill','Bawana','Philadelphia','Pennsylvania','Male','AB+',24,'cgoldin8t@friendfeed.com','married','Z033qtI'),(319,'Emelen Bawle','7812813822','4736 Spohn Court','Dhaka','Watertown','Massachusetts','Male','O-',14,'ebawle8u@skype.com','unmarried','aCks6tXDUF'),(320,'Dede Hundell','5594819827','70 Toban Alley','Azadpur','Modesto','California','Female','AB+',33,'dhundell8v@hostgator.com','unmarried','ae3f4011pI5'),(321,'Madeleine Ahlin','5159758426','3340 Ohio Junction','Ashok Vihar','Des Moines','Iowa','Female','O-',22,'mahlin8w@icio.us','unmarried','pTLTPi6RGVLH'),(322,'Isa Mottram','9195941223','8947 Kings Plaza','Bawana','Raleigh','North Carolina','Female','O+',29,'imottram8x@nps.gov','unmarried','wpiwOnHqvzsr'),(323,'Trixy Karpov','9163803548','67475 Weeping Birch Point','Pitam Pura','Sacramento','California','Female','B-',36,'tkarpov8y@xrea.com','married','tL3MpAmzpX'),(324,'Gunner Steggals','9492761809','3316 Truax Place','Narela','Newport Beach','California','Male','A-',46,'gsteggals8z@opensource.org','unmarried','HXaD5SqdXSXP'),(325,'Arty Bohills','2126349779','9130 Holmberg Park','Dhaka','New York City','New York','Male','A-',43,'abohills90@baidu.com','married','5UboBLh'),(326,'Wileen Tift','2516288450','618 Havey Pass','Narela','Mobile','Alabama','Female','B+',14,'wtift91@baidu.com','unmarried','cpbrS93'),(327,'Gian Krienke','9202422153','59 Old Gate Center','Keshav Puram','Green Bay','Wisconsin','Male','AB-',20,'gkrienke92@diigo.com','married','vJDlhYs'),(328,'Clyde Sydall','3236039327','3265 Kim Street','Begum Pur','Los Angeles','California','Male','A-',23,'csydall93@slashdot.org','married','BQnI8Bu'),(329,'Prentice Wimp','3049274105','6 Linden Center','Narela','Huntington','West Virginia','Male','B-',31,'pwimp94@marriott.com','unmarried','ZKrFdZfcS'),(330,'Celine Shotboult','4095761858','42 Calypso Parkway','Begum Pur','Galveston','Texas','Female','AB-',47,'cshotboult95@yolasite.com','unmarried','YskzIDH'),(331,'Edwina Lunk','2023428844','05322 Burrows Drive','Dhaka','Washington','District of Columbia','Female','A-',16,'elunk96@chicagotribune.com','unmarried','xjvByM'),(332,'Saunderson Scullard','4431598923','50 Nevada Point','Dhaka','Baltimore','Maryland','Male','AB-',32,'sscullard97@bandcamp.com','unmarried','v0hHYJwqgCyD'),(333,'Tad Whitecross','7249592627','098 Butterfield Court','Karala','Pittsburgh','Pennsylvania','Male','B-',47,'twhitecross98@youtube.com','unmarried','pS8CjfgIN'),(334,'Willi Budgett','2028248957','0992 Canary Road','Model Town','Washington','District of Columbia','Female','O+',33,'wbudgett99@wired.com','married','KFdnSAY4Ppj'),(335,'Winn Mabbitt','2533450890','95355 Fisk Crossing','Rani Bagh','Tacoma','Washington','Male','AB+',43,'wmabbitt9a@ocn.ne.jp','unmarried','BDj86wr'),(336,'Krishna Elmhurst','6123297323','0 Basil Park','Pitam Pura','Minneapolis','Minnesota','Male','AB+',49,'kelmhurst9b@wikimedia.org','married','S6UYwyTbo2'),(337,'Naoma Talboy','7133679186','4 Melvin Court','Rani Bagh','Houston','Texas','Female','B-',33,'ntalboy9c@yolasite.com','unmarried','3uOwlLk2f'),(338,'Marlowe McSharry','6159748982','168 Butternut Center','Karala','Nashville','Tennessee','Male','B-',15,'mmcsharry9d@bloglines.com','married','EjlCs5TsxZs'),(339,'Jacquie Dawes','8065248489','0779 Kipling Avenue','Rohini Sub City','Amarillo','Texas','Female','AB-',30,'jdawes9e@epa.gov','unmarried','muSlZw0'),(340,'Nicolais Laetham','6156799881','09 Sheridan Hill','Model Town','Nashville','Tennessee','Male','A+',38,'nlaetham9f@issuu.com','married','G6tPDiMG'),(341,'Charline Larose','4049388639','1888 Pine View Center','Dhaka','Atlanta','Georgia','Female','B-',45,'clarose9g@cpanel.net','unmarried','eIlNT6yBge'),(342,'Dell Brinicombe','8507372372','986 Weeping Birch Way','Adarsh Nagar','Pinellas Park','Florida','Male','AB-',35,'dbrinicombe9h@salon.com','unmarried','FZuTWh'),(343,'Evaleen Easun','9157164674','3 Gina Avenue','Kohat Enclave','El Paso','Texas','Female','A+',35,'eeasun9i@mapquest.com','married','ZucjHY5wL'),(344,'Cullie Hughlin','9199254967','926 Macpherson Lane','Begum Pur','Raleigh','North Carolina','Male','O-',45,'chughlin9j@cnbc.com','unmarried','ZycPJC3BL'),(345,'Win Cervantes','3049615308','3 Fisk Circle','Jahangirpuri','Huntington','West Virginia','Male','AB-',10,'wcervantes9k@hud.gov','unmarried','Lgns3gZ1K'),(346,'Christoph Aujean','5409912722','9931 Walton Crossing','Rithala','Richmond','Virginia','Male','B+',23,'caujean9l@github.com','married','4tlyHVKAkZX'),(347,'Alvie Devany','4086746884','04 Del Sol Court','Rithala','San Jose','California','Male','AB-',40,'adevany9m@nymag.com','unmarried','DqzVivQZ'),(348,'Bridget Lusty','8106033943','563 Knutson Court','Pitam Pura','Flint','Michigan','Female','O-',20,'blusty9n@fda.gov','unmarried','egROgvMFEoDU'),(349,'Glennie Horsey','4154472974','5867 Harper Parkway','Adarsh Nagar','San Francisco','California','Female','A-',46,'ghorsey9o@icq.com','married','upRrn7'),(350,'Dolorita Bugby','5626112830','72840 Spenser Way','Dhaka','Long Beach','California','Female','B+',21,'dbugby9p@123-reg.co.uk','married','sHU38sbl7y8H'),(351,'Janet Gypps','7574824614','7 Clemons Place','Pitam Pura','Hampton','Virginia','Female','O-',18,'jgypps9q@yahoo.com','unmarried','a1OsVqjpfDjU'),(352,'Herby Velasquez','5592873055','39 Mcguire Court','Adarsh Nagar','Modesto','California','Male','O+',11,'hvelasquez9r@ucoz.com','unmarried','KYS9nGeIE'),(353,'Hunter Pardew','5598166455','475 Pond Circle','Azadpur','Fresno','California','Male','AB+',41,'hpardew9s@walmart.com','married','WftvDV5sPUP'),(354,'Care Diess','7031511144','26 Longview Drive','Shalimar Bagh','Reston','Virginia','Male','A-',13,'cdiess9t@discuz.net','unmarried','kux4DEWHYbg'),(355,'Clemente Cecere','7722607246','029 Burning Wood Court','Jahangirpuri','Vero Beach','Florida','Male','A-',21,'ccecere9u@economist.com','unmarried','v3mfW2PV'),(356,'Marchelle Scurrah','4073184382','80 Schlimgen Place','Kingsway Camp','Orlando','Florida','Female','A+',22,'mscurrah9v@reuters.com','married','P51EXmC'),(357,'Laney Gotch','8508497256','7 Sundown Pass','Karala','Pensacola','Florida','Male','AB-',46,'lgotch9w@biblegateway.com','unmarried','mGex3FqJ0lmQ'),(358,'Flossy Wetton','8141640531','61 Stuart Street','Ashok Vihar','Johnstown','Pennsylvania','Female','A+',19,'fwetton9x@bing.com','married','51TEmfA'),(359,'Ailyn Tulk','4079587780','889 Delladonna Parkway','Begum Pur','Orlando','Florida','Female','B-',22,'atulk9y@mlb.com','married','BkhES9e8HQtn'),(360,'Letta Armstead','5126567794','8 Armistice Place','Kingsway Camp','Austin','Texas','Female','O+',26,'larmstead9z@intel.com','unmarried','jKAb8rz3S'),(361,'Garey Agutter','5854272566','638 Huxley Lane','Adarsh Nagar','Rochester','New York','Male','B-',19,'gaguttera0@mayoclinic.com','unmarried','sAUA5uY9'),(362,'Randi Edel','3026633670','201 Weeping Birch Parkway','Dhaka','Wilmington','Delaware','Male','A+',26,'redela1@unesco.org','unmarried','TCpJhnTGzqUM'),(363,'Pieter Naylor','6121880391','811 Kings Parkway','Pitam Pura','Minneapolis','Minnesota','Male','O-',20,'pnaylora2@live.com','married','5RujIiLZ2Dpr'),(364,'Robers Stelljes','5156429081','9 Welch Drive','Karala','Des Moines','Iowa','Male','O-',10,'rstelljesa3@amazonaws.com','unmarried','nvaSdvRI4XQ'),(365,'Jerad Larkins','2173203248','06 Cherokee Drive','Azadpur','Springfield','Illinois','Male','AB+',48,'jlarkinsa4@blog.com','unmarried','8jI5A05Ka'),(366,'Jule Yakubov','5153414462','41 Merchant Lane','Narela','Des Moines','Iowa','Male','A-',29,'jyakubova5@pen.io','unmarried','oo8g1xJ'),(367,'Iolande Delea','5101299103','35 Carpenter Plaza','Shalimar Bagh','Oakland','California','Female','B-',21,'ideleaa6@deviantart.com','unmarried','NEMalXN1DQ6'),(368,'Marlow Givens','2085080840','09 Gina Drive','Karala','Boise','Idaho','Male','AB+',23,'mgivensa7@tripod.com','unmarried','5o9eEGt'),(369,'Manuel Lewin','2027826915','39 Ohio Hill','Begum Pur','Washington','District of Columbia','Male','B-',37,'mlewina8@theguardian.com','married','OqxWnXud'),(370,'Tye Temlett','2029373407','9550 Gateway Alley','Bawana','Washington','District of Columbia','Male','O+',30,'ttemletta9@yale.edu','married','Hpa5KPHk'),(371,'Jacinda Greatreax','3095802326','74999 Bunting Avenue','Jahangirpuri','Peoria','Illinois','Female','A+',16,'jgreatreaxaa@home.pl','unmarried','Zc26vv'),(372,'Aggy Fiddiman','9528514863','208 Little Fleur Way','Rani Bagh','Young America','Minnesota','Female','B-',23,'afiddimanab@google.com.br','married','NxfzYu'),(373,'Mildrid Caush','4699574934','26122 Arizona Terrace','Pitam Pura','Dallas','Texas','Female','A-',17,'mcaushac@woothemes.com','married','dBfgkQ3sLI'),(374,'Del Clayal','9195172689','330 Raven Terrace','Keshav Puram','Raleigh','North Carolina','Female','B+',11,'dclayalad@is.gd','married','1CcRy3o71B'),(375,'Lucio Cash','2131858725','94864 Holmberg Road','Kingsway Camp','Los Angeles','California','Male','B-',27,'lcashae@myspace.com','married','2oOyuP8L'),(376,'Arri Dot','5592811077','80245 Cambridge Drive','Shalimar Bagh','Fresno','California','Male','AB-',44,'adotaf@hostgator.com','married','qx9fzLVi'),(377,'Richart Howbrook','6465305051','7 Dottie Junction','Adarsh Nagar','New York City','New York','Male','O+',44,'rhowbrookag@hp.com','married','8cZwolY'),(378,'Lolly Makey','7049388824','9 Harper Plaza','Kohat Enclave','Charlotte','North Carolina','Female','AB-',32,'lmakeyah@shutterfly.com','married','fC2UPUv'),(379,'Francene Froment','7023832016','08272 Meadow Valley Alley','Kohat Enclave','Las Vegas','Nevada','Female','AB+',34,'ffromentai@oracle.com','unmarried','GmCzEm0gh'),(380,'Tania Waryk','6104858470','05380 Paget Trail','Ashok Vihar','Philadelphia','Pennsylvania','Female','AB-',36,'twarykaj@about.com','married','Iv0DiRS5wVI'),(381,'Ravid St. Aubyn','5854301655','43730 Texas Place','Adarsh Nagar','Rochester','New York','Male','A+',18,'rstak@dailymail.co.uk','unmarried','3kXz1K2sgol'),(382,'Ardra Streetley','7856764047','1473 Bonner Place','Kohat Enclave','Topeka','Kansas','Female','B-',38,'astreetleyal@facebook.com','unmarried','DTYxDSD'),(383,'Lilith Wandrey','6306838049','2 Havey Road','Karala','Chicago','Illinois','Female','A-',36,'lwandreyam@dailymotion.com','married','hbh8CfWmCtC'),(384,'Wally Talboy','4045380115','731 Amoth Lane','Narela','Gainesville','Georgia','Female','AB-',47,'wtalboyan@umn.edu','unmarried','tmwbllzrtf1g'),(385,'Anabelle Hardingham','2024687181','46902 Dayton Place','Rohini Sub City','Washington','District of Columbia','Female','AB-',43,'ahardinghamao@themeforest.net','married','xgAgUS1tn'),(386,'Celestina Cawsy','9047771248','4 Monica Circle','Dhaka','Jacksonville','Florida','Female','B+',34,'ccawsyap@globo.com','unmarried','GN1tMIEGVNB'),(387,'Caitrin Garioch','7194524366','853 Beilfuss Circle','Pitam Pura','Colorado Springs','Colorado','Female','B-',37,'cgariochaq@gnu.org','unmarried','b0PzDHn'),(388,'Bert Calltone','7314546930','3715 Northwestern Point','Keshav Puram','Jackson','Tennessee','Female','B-',24,'bcalltonear@businessinsider.com','married','JpQxpdC'),(389,'Marybelle Kanzler','3108763738','377 Eagan Pass','Keshav Puram','Palo Alto','California','Female','O-',16,'mkanzleras@usa.gov','married','2f6NMRTHroH'),(390,'Maximilien Flintoff','3232589218','458 Amoth Center','Keshav Puram','Los Angeles','California','Male','B+',33,'mflintoffat@digg.com','married','NsDeHmiJ3dr'),(391,'Rebe Pickering','8162076885','720 Derek Place','Kingsway Camp','Lees Summit','Missouri','Female','A-',28,'rpickeringau@admin.ch','unmarried','i6cw5xt'),(392,'Inna Keesman','9199538690','9648 Delladonna Avenue','Bawana','Raleigh','North Carolina','Female','AB+',39,'ikeesmanav@ucoz.com','married','3GyN5u1VUpdV'),(393,'Clementius Labba','5158123762','739 Troy Alley','Rohini Sub City','Des Moines','Iowa','Male','AB-',18,'clabbaaw@bravesites.com','unmarried','cjGy6uS'),(394,'Odey MacDuffie','9044841784','8413 Lillian Hill','Begum Pur','Jacksonville','Florida','Male','AB+',38,'omacduffieax@blogger.com','unmarried','BFBzwABso'),(395,'Sawyer Wilson','2312892960','30133 Bultman Drive','Azadpur','Muskegon','Michigan','Male','B+',38,'swilsonay@redcross.org','married','IwTQ7Zobpn'),(396,'Emery Gianneschi','7022151698','074 Golf Road','Kingsway Camp','North Las Vegas','Nevada','Male','A-',49,'egianneschiaz@marriott.com','unmarried','d2En6SU2Fke'),(397,'Edee Shalloe','4096556720','11458 Pleasure Road','Azadpur','Spring','Texas','Female','AB+',18,'eshalloeb0@statcounter.com','unmarried','9teu0b9jsu'),(398,'Bartel Salliss','5057167866','133 Division Center','Rithala','Albuquerque','New Mexico','Male','A-',48,'bsallissb1@bloglines.com','unmarried','KelsdCMA9cl5'),(399,'Dominic Von Gladbach','8048053482','7 Summerview Circle','Model Town','Richmond','Virginia','Male','B+',14,'dvonb2@spiegel.de','married','mw948ysA7n'),(400,'Maxy Ferrara','9184525562','3713 Nova Crossing','Ashok Vihar','Tulsa','Oklahoma','Female','B+',26,'mferrarab3@bloomberg.com','unmarried','oUmoQB');
/*!40000 ALTER TABLE `patients` ENABLE KEYS */;
UNLOCK TABLES;

--
-- Table structure for table `payments_of_medicines`
--

DROP TABLE IF EXISTS `payments_of_medicines`;
/*!40101 SET @saved_cs_client     = @@character_set_client */;
/*!50503 SET character_set_client = utf8mb4 */;
CREATE TABLE `payments_of_medicines` (
  `pharmacy_ID` int NOT NULL,
  `patient_ID` int NOT NULL,
  `amount` decimal(10,2) NOT NULL,
  `list_of_medicines` varchar(100) NOT NULL,
  `record_ID` int NOT NULL,
  `payment_date` date NOT NULL,
  `payment_ID` int NOT NULL,
  PRIMARY KEY (`payment_ID`),
  KEY `patient_ID` (`patient_ID`),
  KEY `record_ID` (`record_ID`),
  KEY `index_key` (`pharmacy_ID`),
  CONSTRAINT `payments_of_medicines_ibfk_1` FOREIGN KEY (`pharmacy_ID`) REFERENCES `pharmacies` (`pharmacy_ID`) ON DELETE CASCADE ON UPDATE CASCADE,
  CONSTRAINT `payments_of_medicines_ibfk_2` FOREIGN KEY (`patient_ID`) REFERENCES `patients` (`patient_ID`) ON DELETE CASCADE ON UPDATE CASCADE,
  CONSTRAINT `payments_of_medicines_ibfk_3` FOREIGN KEY (`record_ID`) REFERENCES `patient_history` (`record_ID`) ON DELETE CASCADE ON UPDATE CASCADE,
  CONSTRAINT `payments_of_medicines_chk_1` CHECK ((`amount` > 0))
) ENGINE=InnoDB DEFAULT CHARSET=utf8mb4 COLLATE=utf8mb4_0900_ai_ci;
/*!40101 SET character_set_client = @saved_cs_client */;

--
-- Dumping data for table `payments_of_medicines`
--

LOCK TABLES `payments_of_medicines` WRITE;
/*!40000 ALTER TABLE `payments_of_medicines` DISABLE KEYS */;
INSERT INTO `payments_of_medicines` VALUES (11,73,2760.00,'acyclovir and privigen',873,'2020-01-07',1),(14,52,4250.00,'tamiflu and relenza',661,'2019-11-23',2),(18,180,2330.00,'permethrin cream and crotamiton',144,'2019-05-25',3),(6,191,2180.00,'moxifloxacin and erythromycin',393,'2019-12-11',4),(3,373,4960.00,'acyclovir and privigen',416,'2019-08-19',5),(17,177,2080.00,'gamastan s/d',543,'2019-07-18',6),(17,121,4090.00,'moxifloxacin and erythromycin',747,'2019-06-20',7),(10,387,4060.00,'ibuprofen',386,'2019-12-13',8),(9,174,3380.00,'ibuprofen',512,'2019-10-10',9),(3,132,390.00,'cidofovir and ribavirin',957,'2019-11-28',10),(5,45,4030.00,'ibuprofen and acetaminophen',243,'2019-11-01',11),(9,257,1180.00,'cidofovir and ribavirin',683,'2019-04-30',12),(9,19,3320.00,'tamiflu and relenza',839,'2020-01-26',13),(1,339,3910.00,'cidofovir and ribavirin',29,'2019-09-25',14),(12,394,3190.00,'acyclovir and privigen',987,'2019-06-18',15),(20,312,4630.00,'azithromycin and ceftriaxone',498,'2019-07-18',16),(17,39,3350.00,'paracetamol',44,'2020-04-17',17),(17,264,3450.00,'permethrin cream and crotamiton',139,'2019-05-07',18),(7,337,2390.00,'cidofovir and ribavirin',324,'2020-02-05',19),(3,83,4400.00,'ursodiol',178,'2020-04-09',20),(20,16,3690.00,'cidofovir and ribavirin',89,'2019-11-20',21),(10,379,1610.00,'azithromycin and ceftriaxone',68,'2019-06-13',22),(2,242,3000.00,'ibuprofen',744,'2020-03-30',23),(20,244,930.00,'azithromycin and doxycycline',145,'2020-04-14',24),(2,118,2960.00,'gamastan s/d',704,'2019-11-20',25),(3,367,3860.00,'permethrin cream and crotamiton',876,'2020-03-10',26),(9,307,3330.00,'moxifloxacin and erythromycin',423,'2020-01-22',27),(7,129,3180.00,'moxifloxacin and erythromycin',162,'2020-03-14',28),(1,119,3500.00,'ursodiol',983,'2019-07-12',29),(6,206,2660.00,'permethrin cream and crotamiton',970,'2019-11-06',30),(2,322,140.00,'ibuprofen',996,'2019-09-21',31),(3,271,130.00,'azithromycin and ceftriaxone',232,'2019-05-04',32),(20,277,2560.00,'gamastan s/d',735,'2019-09-11',33),(20,207,3460.00,'acyclovir and privigen',653,'2020-02-11',34),(1,54,4980.00,'permethrin cream and crotamiton',271,'2019-12-04',35),(12,371,2330.00,'warfarin aspirin and aggrenox',529,'2019-08-04',36),(16,69,4130.00,'paracetamol',916,'2020-02-27',37),(5,77,4510.00,'ursodiol',81,'2020-03-17',38),(6,363,200.00,'ibuprofen',519,'2019-06-19',39),(2,73,200.00,'acyclovir and privigen',456,'2019-09-18',40),(7,361,1520.00,'ibuprofen and acetaminophen',964,'2019-09-27',41),(6,187,4870.00,'azithromycin and doxycycline',974,'2019-05-28',42),(5,72,1890.00,'azithromycin and doxycycline',920,'2020-01-05',43),(13,24,3790.00,'gamastan s/d',374,'2019-10-12',44),(3,185,3130.00,'tamiflu and relenza',17,'2020-03-12',45),(7,118,780.00,'cetirizine',563,'2020-03-12',46),(9,150,3770.00,'azithromycin and ceftriaxone',652,'2019-07-06',47),(10,274,4440.00,'azithromycin and doxycycline',790,'2020-03-04',48),(11,136,110.00,'ibuprofen',488,'2019-06-28',49),(16,207,1200.00,'gamastan s/d',344,'2019-12-02',50),(12,259,4150.00,'ursodiol',477,'2019-08-15',51),(10,318,2220.00,'ibuprofen',150,'2019-08-16',52),(7,346,3210.00,'azithromycin and ceftriaxone',196,'2019-09-18',53),(7,81,4490.00,'cetirizine',986,'2019-12-16',54),(8,366,2410.00,'warfarin aspirin and aggrenox',666,'2019-11-25',55),(1,21,2480.00,'permethrin cream and crotamiton',527,'2019-09-19',56),(2,83,3120.00,'ibuprofen and acetaminophen',190,'2019-11-28',57),(13,74,2510.00,'permethrin cream and crotamiton',480,'2019-11-21',58),(17,118,4960.00,'gamastan s/d',328,'2019-12-26',59),(19,218,1910.00,'permethrin cream and crotamiton',593,'2019-09-30',60),(11,349,3850.00,'moxifloxacin and erythromycin',707,'2020-01-17',61),(3,223,2960.00,'cetirizine',528,'2019-09-19',62),(17,45,430.00,'tamiflu and relenza',243,'2019-07-15',63),(13,233,480.00,'warfarin aspirin and aggrenox',346,'2019-09-15',64),(14,314,1630.00,'azithromycin and doxycycline',415,'2020-03-30',65),(6,138,4050.00,'warfarin aspirin and aggrenox',378,'2020-02-01',66),(18,44,2560.00,'azithromycin and doxycycline',900,'2020-01-21',67),(14,7,3350.00,'azithromycin and ceftriaxone',430,'2019-07-18',68),(4,62,4600.00,'paracetamol',581,'2019-07-31',69),(18,43,4060.00,'permethrin cream and crotamiton',831,'2019-10-23',70),(6,366,2250.00,'ibuprofen and acetaminophen',666,'2019-08-30',71),(18,210,1240.00,'ibuprofen and acetaminophen',665,'2020-04-21',72),(16,128,1690.00,'acyclovir and privigen',845,'2019-09-16',73),(9,207,2430.00,'azithromycin and doxycycline',590,'2019-05-30',74),(6,250,4040.00,'ibuprofen',133,'2019-08-24',75),(12,219,1280.00,'tamiflu and relenza',283,'2020-02-14',76),(1,29,1500.00,'cidofovir and ribavirin',436,'2019-07-29',77),(12,178,2490.00,'gamastan s/d',909,'2020-04-04',78),(13,167,3560.00,'moxifloxacin and erythromycin',525,'2019-10-18',79),(14,280,4890.00,'moxifloxacin and erythromycin',878,'2020-03-15',80),(15,47,3800.00,'ursodiol',618,'2019-11-18',81),(17,217,810.00,'paracetamol',106,'2019-11-17',82),(20,73,100.00,'gamastan s/d',873,'2020-01-04',83),(1,323,3360.00,'azithromycin and ceftriaxone',279,'2019-09-08',84),(20,376,1880.00,'permethrin cream and crotamiton',958,'2019-06-23',85),(17,223,1050.00,'paracetamol',528,'2020-02-25',86),(16,246,3370.00,'acyclovir and privigen',695,'2020-04-12',87),(8,255,3070.00,'azithromycin and doxycycline',382,'2019-11-21',88),(9,292,2590.00,'cetirizine',411,'2020-01-07',89),(4,371,210.00,'azithromycin and ceftriaxone',529,'2019-07-04',90),(17,245,2770.00,'tamiflu and relenza',783,'2019-06-06',91),(2,208,4800.00,'tamiflu and relenza',753,'2019-06-27',92),(7,129,3270.00,'permethrin cream and crotamiton',4,'2020-01-22',93),(10,199,2790.00,'gamastan s/d',621,'2019-12-11',94),(8,276,1100.00,'cetirizine',22,'2020-02-03',95),(13,265,1980.00,'moxifloxacin and erythromycin',357,'2019-09-26',96),(16,238,4200.00,'cetirizine',71,'2020-02-28',97),(5,283,3220.00,'acyclovir and privigen',313,'2019-06-01',98),(14,372,3600.00,'tamiflu and relenza',122,'2019-05-30',99),(17,328,1560.00,'ibuprofen',6,'2020-03-22',100),(14,216,3520.00,'acyclovir and privigen',336,'2020-01-20',101),(13,330,4130.00,'permethrin cream and crotamiton',86,'2019-06-30',102),(10,192,530.00,'cidofovir and ribavirin',492,'2019-06-22',103),(17,348,1160.00,'permethrin cream and crotamiton',671,'2020-03-09',104),(6,307,1690.00,'acyclovir and privigen',423,'2019-12-10',105),(5,6,1250.00,'permethrin cream and crotamiton',490,'2019-12-03',106),(15,183,2060.00,'ursodiol',573,'2020-01-20',107),(15,206,2830.00,'permethrin cream and crotamiton',542,'2019-10-14',108),(10,218,1570.00,'cetirizine',593,'2019-09-27',109),(1,215,1700.00,'paracetamol',887,'2020-01-26',110),(5,79,2480.00,'warfarin aspirin and aggrenox',905,'2019-09-10',111),(18,238,4270.00,'azithromycin and doxycycline',600,'2020-04-12',112),(20,344,3040.00,'warfarin aspirin and aggrenox',828,'2019-07-14',113),(19,290,4520.00,'cidofovir and ribavirin',544,'2019-08-20',114),(10,83,4900.00,'ibuprofen',190,'2019-09-23',115),(14,371,3170.00,'paracetamol',612,'2019-10-01',116),(18,7,1180.00,'ibuprofen',103,'2019-05-29',117),(9,337,1620.00,'cetirizine',324,'2019-06-04',118),(10,296,2330.00,'ursodiol',482,'2019-08-08',119),(14,50,3420.00,'gamastan s/d',388,'2019-07-08',120),(18,210,150.00,'acyclovir and privigen',87,'2019-10-31',121),(18,337,2890.00,'warfarin aspirin and aggrenox',826,'2019-07-31',122),(20,238,1740.00,'gamastan s/d',71,'2019-11-10',123),(11,183,3380.00,'ibuprofen and acetaminophen',573,'2020-02-12',124),(18,48,1740.00,'ibuprofen',333,'2019-05-20',125),(11,338,1240.00,'moxifloxacin and erythromycin',84,'2019-06-24',126),(11,185,1240.00,'ibuprofen',184,'2020-03-27',127),(13,321,880.00,'moxifloxacin and erythromycin',291,'2020-01-06',128),(5,67,4450.00,'azithromycin and doxycycline',660,'2019-06-08',129),(6,297,4460.00,'ibuprofen and acetaminophen',925,'2019-07-15',130),(5,62,4480.00,'ibuprofen and acetaminophen',750,'2019-09-20',131),(11,126,3770.00,'cidofovir and ribavirin',811,'2020-02-22',132),(10,203,460.00,'permethrin cream and crotamiton',45,'2019-09-26',133),(1,86,2510.00,'moxifloxacin and erythromycin',451,'2019-06-06',134),(13,238,3780.00,'permethrin cream and crotamiton',600,'2019-10-04',135),(19,260,1170.00,'azithromycin and doxycycline',309,'2020-03-23',136),(12,386,3810.00,'warfarin aspirin and aggrenox',298,'2020-03-28',137),(1,132,2490.00,'cidofovir and ribavirin',691,'2019-12-13',138),(10,89,3330.00,'warfarin aspirin and aggrenox',92,'2020-01-03',139),(4,71,720.00,'tamiflu and relenza',107,'2019-09-13',140),(19,335,3830.00,'azithromycin and ceftriaxone',754,'2019-12-07',141),(2,129,3360.00,'warfarin aspirin and aggrenox',162,'2020-04-23',142),(4,219,520.00,'ibuprofen and acetaminophen',995,'2019-05-21',143),(9,309,100.00,'acyclovir and privigen',264,'2019-09-30',144),(9,105,3900.00,'moxifloxacin and erythromycin',859,'2019-12-25',145),(8,101,4390.00,'tamiflu and relenza',41,'2019-08-18',146),(19,260,3620.00,'cetirizine',941,'2019-07-17',147),(2,117,2480.00,'moxifloxacin and erythromycin',432,'2019-08-22',148),(17,260,2470.00,'ibuprofen',728,'2020-01-01',149),(7,11,3380.00,'cetirizine',740,'2020-02-05',150),(2,78,1190.00,'ibuprofen',101,'2019-07-24',151),(3,261,4970.00,'azithromycin and ceftriaxone',186,'2019-10-08',152),(11,158,410.00,'azithromycin and doxycycline',685,'2020-02-23',153),(8,172,3480.00,'ibuprofen and acetaminophen',434,'2020-02-16',154),(1,134,730.00,'azithromycin and ceftriaxone',173,'2019-05-23',155),(17,226,4840.00,'permethrin cream and crotamiton',667,'2020-04-15',156),(1,384,390.00,'ursodiol',569,'2019-12-23',157),(16,274,1680.00,'moxifloxacin and erythromycin',790,'2019-06-28',158),(10,284,2350.00,'gamastan s/d',763,'2020-01-15',159),(14,245,4470.00,'paracetamol',629,'2019-09-11',160),(4,11,3080.00,'acyclovir and privigen',740,'2019-09-22',161),(11,393,4350.00,'ibuprofen',562,'2020-02-09',162),(8,110,2540.00,'cidofovir and ribavirin',725,'2020-03-06',163),(10,42,4890.00,'ursodiol',583,'2020-03-28',164),(19,315,1890.00,'azithromycin and ceftriaxone',35,'2020-04-11',165),(7,229,2040.00,'ibuprofen',352,'2020-04-04',166),(15,291,2760.00,'cidofovir and ribavirin',702,'2019-08-23',167),(15,340,3050.00,'cidofovir and ribavirin',394,'2020-01-20',168),(16,122,4750.00,'ursodiol',358,'2019-12-17',169),(1,168,3430.00,'ibuprofen',268,'2020-03-18',170),(13,24,820.00,'ibuprofen and acetaminophen',465,'2020-02-11',171),(18,300,1400.00,'cetirizine',886,'2019-10-22',172),(14,199,800.00,'moxifloxacin and erythromycin',867,'2019-12-27',173),(18,188,2940.00,'acyclovir and privigen',967,'2019-08-05',174),(7,330,4210.00,'ibuprofen and acetaminophen',274,'2019-08-09',175),(12,67,3470.00,'acyclovir and privigen',222,'2019-07-21',176),(18,16,1660.00,'ibuprofen',561,'2019-11-07',177),(16,318,2460.00,'warfarin aspirin and aggrenox',245,'2020-04-21',178),(1,365,1090.00,'ibuprofen',47,'2020-03-19',179),(9,295,390.00,'cidofovir and ribavirin',262,'2019-05-30',180),(20,255,3520.00,'acyclovir and privigen',382,'2019-08-22',181),(9,173,1770.00,'cetirizine',209,'2020-02-06',182),(10,193,3270.00,'ibuprofen',273,'2020-02-16',183),(4,245,4280.00,'acyclovir and privigen',783,'2020-02-18',184),(10,361,2640.00,'azithromycin and doxycycline',211,'2020-02-29',185),(17,315,600.00,'permethrin cream and crotamiton',353,'2020-01-31',186),(19,212,1810.00,'cidofovir and ribavirin',814,'2019-11-24',187),(17,95,2200.00,'acyclovir and privigen',625,'2019-08-25',188),(10,246,4680.00,'ibuprofen',695,'2019-11-02',189),(9,43,1140.00,'azithromycin and ceftriaxone',72,'2019-12-19',190),(18,71,1990.00,'cetirizine',822,'2019-10-05',191),(12,301,1180.00,'gamastan s/d',559,'2019-04-27',192),(1,120,580.00,'paracetamol',551,'2020-04-22',193),(17,197,530.00,'acyclovir and privigen',963,'2019-07-26',194),(19,174,2540.00,'moxifloxacin and erythromycin',294,'2020-03-06',195),(11,41,1890.00,'moxifloxacin and erythromycin',417,'2019-09-28',196),(16,116,3570.00,'acyclovir and privigen',453,'2020-03-14',197),(12,229,1300.00,'moxifloxacin and erythromycin',991,'2019-10-14',198),(5,245,680.00,'gamastan s/d',717,'2020-02-13',199),(13,237,2560.00,'azithromycin and ceftriaxone',348,'2020-04-06',200),(15,46,4880.00,'moxifloxacin and erythromycin',466,'2019-07-29',201),(11,359,420.00,'permethrin cream and crotamiton',643,'2020-03-11',202),(3,32,4600.00,'warfarin aspirin and aggrenox',138,'2019-08-24',203),(18,80,3470.00,'warfarin aspirin and aggrenox',493,'2019-11-23',204),(10,127,2720.00,'permethrin cream and crotamiton',318,'2019-08-21',205),(14,257,2280.00,'gamastan s/d',175,'2020-02-05',206),(5,350,3160.00,'ibuprofen',510,'2020-01-25',207),(6,384,2080.00,'tamiflu and relenza',569,'2020-03-15',208),(11,53,750.00,'gamastan s/d',88,'2020-03-24',209),(8,298,4420.00,'cidofovir and ribavirin',461,'2019-05-14',210),(18,191,4870.00,'ibuprofen',582,'2019-09-17',211),(11,371,2800.00,'gamastan s/d',612,'2019-07-29',212),(10,150,4130.00,'azithromycin and ceftriaxone',840,'2019-09-12',213),(4,257,970.00,'gamastan s/d',175,'2020-03-06',214),(15,353,1640.00,'cetirizine',686,'2019-11-05',215),(7,6,1310.00,'ibuprofen',860,'2019-07-23',216),(10,83,1570.00,'cetirizine',521,'2019-09-29',217),(8,153,1570.00,'ibuprofen and acetaminophen',354,'2020-03-26',218),(7,222,3410.00,'moxifloxacin and erythromycin',323,'2019-06-16',219),(17,250,4380.00,'ursodiol',133,'2019-06-23',220),(15,393,3900.00,'cidofovir and ribavirin',562,'2019-07-06',221),(1,54,470.00,'acyclovir and privigen',271,'2020-02-12',222),(12,138,4990.00,'gamastan s/d',403,'2019-12-30',223),(10,162,1780.00,'cidofovir and ribavirin',53,'2020-04-02',224),(13,283,110.00,'gamastan s/d',194,'2020-03-27',225),(6,204,2450.00,'warfarin aspirin and aggrenox',23,'2019-07-04',226),(7,191,2050.00,'cetirizine',393,'2020-03-10',227),(10,245,440.00,'ibuprofen',783,'2019-07-04',228),(13,79,4270.00,'cidofovir and ribavirin',911,'2019-07-03',229),(16,87,470.00,'ibuprofen',206,'2020-02-29',230),(4,156,4220.00,'ibuprofen',758,'2019-07-16',231),(12,14,1740.00,'acyclovir and privigen',766,'2019-05-06',232),(3,108,1150.00,'paracetamol',369,'2020-03-16',233),(9,200,670.00,'cidofovir and ribavirin',418,'2019-12-03',234),(1,11,2380.00,'ibuprofen',740,'2020-01-24',235),(18,327,2460.00,'permethrin cream and crotamiton',921,'2019-05-30',236),(2,187,4980.00,'ursodiol',974,'2020-02-18',237),(4,167,3250.00,'permethrin cream and crotamiton',359,'2019-08-07',238),(20,146,4610.00,'acyclovir and privigen',856,'2019-08-11',239),(17,6,3570.00,'cidofovir and ribavirin',860,'2020-01-31',240),(7,210,1370.00,'paracetamol',87,'2019-12-10',241),(16,280,3860.00,'cetirizine',878,'2019-06-27',242),(6,32,2990.00,'ibuprofen and acetaminophen',138,'2020-03-22',243),(13,6,2180.00,'tamiflu and relenza',787,'2019-05-01',244),(5,237,4370.00,'permethrin cream and crotamiton',348,'2019-06-11',245),(6,37,3710.00,'tamiflu and relenza',576,'2019-07-28',246),(6,307,1850.00,'azithromycin and doxycycline',726,'2019-08-28',247),(2,393,640.00,'azithromycin and doxycycline',852,'2019-09-18',248),(6,87,1250.00,'ursodiol',206,'2019-09-29',249),(17,234,4280.00,'paracetamol',537,'2019-10-15',250),(1,386,290.00,'cetirizine',129,'2019-09-12',251),(6,278,3230.00,'tamiflu and relenza',546,'2019-09-24',252),(1,284,1320.00,'moxifloxacin and erythromycin',763,'2019-08-07',253),(12,330,1200.00,'azithromycin and doxycycline',723,'2019-07-08',254),(18,291,4500.00,'ibuprofen',677,'2019-10-08',255),(9,227,2230.00,'ibuprofen',32,'2020-02-29',256),(20,388,4250.00,'acyclovir and privigen',848,'2019-08-26',257),(17,25,2750.00,'gamastan s/d',719,'2019-11-20',258),(7,395,2740.00,'ursodiol',880,'2019-07-22',259),(20,156,1640.00,'permethrin cream and crotamiton',634,'2019-08-28',260),(20,100,1990.00,'ursodiol',720,'2019-09-24',261),(15,169,4120.00,'cidofovir and ribavirin',295,'2019-08-29',262),(14,86,2410.00,'tamiflu and relenza',451,'2019-05-20',263),(5,191,2450.00,'moxifloxacin and erythromycin',393,'2019-08-07',264),(7,108,2270.00,'ibuprofen and acetaminophen',647,'2019-10-30',265),(14,239,1000.00,'warfarin aspirin and aggrenox',429,'2019-07-18',266),(7,219,4400.00,'moxifloxacin and erythromycin',314,'2019-11-01',267),(16,259,1690.00,'moxifloxacin and erythromycin',15,'2019-06-07',268),(14,86,3130.00,'cetirizine',451,'2020-01-20',269),(12,193,3890.00,'ibuprofen and acetaminophen',273,'2019-05-30',270),(19,37,2610.00,'cidofovir and ribavirin',798,'2019-06-27',271),(7,192,1900.00,'ibuprofen',492,'2019-11-30',272),(8,191,430.00,'permethrin cream and crotamiton',572,'2019-05-23',273),(3,205,1550.00,'warfarin aspirin and aggrenox',467,'2019-06-10',274),(4,65,1080.00,'azithromycin and ceftriaxone',692,'2019-06-01',275),(18,118,3080.00,'paracetamol',91,'2019-12-06',276),(16,245,3760.00,'acyclovir and privigen',788,'2019-09-12',277),(6,239,3110.00,'tamiflu and relenza',212,'2019-12-15',278),(1,37,3700.00,'paracetamol',798,'2020-02-16',279),(20,323,2640.00,'azithromycin and ceftriaxone',279,'2019-10-01',280),(16,191,1260.00,'ibuprofen',385,'2020-03-30',281),(4,97,410.00,'ursodiol',553,'2019-06-26',282),(16,245,970.00,'permethrin cream and crotamiton',788,'2019-07-23',283),(7,393,3040.00,'warfarin aspirin and aggrenox',785,'2020-04-16',284),(16,288,2300.00,'gamastan s/d',288,'2019-06-28',285),(7,177,4890.00,'cidofovir and ribavirin',543,'2019-09-24',286),(8,261,3130.00,'ibuprofen',888,'2019-12-01',287),(9,62,650.00,'permethrin cream and crotamiton',362,'2019-05-04',288),(2,38,4330.00,'paracetamol',699,'2019-08-03',289),(17,2,790.00,'ibuprofen',225,'2019-06-09',290),(3,56,4940.00,'gamastan s/d',973,'2019-11-01',291),(6,200,760.00,'warfarin aspirin and aggrenox',418,'2020-04-10',292),(20,323,2190.00,'paracetamol',279,'2019-08-03',293),(12,280,540.00,'ibuprofen and acetaminophen',878,'2019-06-15',294),(9,99,2010.00,'ibuprofen',131,'2019-09-01',295),(5,205,150.00,'cetirizine',865,'2019-09-13',296),(10,248,720.00,'tamiflu and relenza',846,'2019-05-19',297),(13,219,390.00,'moxifloxacin and erythromycin',314,'2020-02-14',298),(9,278,2970.00,'permethrin cream and crotamiton',546,'2019-10-27',299),(11,171,3210.00,'gamastan s/d',830,'2020-01-21',300),(5,212,3410.00,'ibuprofen and acetaminophen',601,'2019-09-14',301),(7,6,530.00,'azithromycin and doxycycline',860,'2019-05-28',302),(14,119,1530.00,'ibuprofen',829,'2020-04-07',303),(15,120,2720.00,'ibuprofen and acetaminophen',21,'2019-07-10',304),(8,373,1510.00,'cidofovir and ribavirin',416,'2020-04-09',305),(9,207,3080.00,'azithromycin and doxycycline',653,'2019-08-05',306),(6,11,2170.00,'azithromycin and doxycycline',740,'2019-10-18',307),(5,169,1450.00,'gamastan s/d',295,'2019-11-13',308),(17,21,2000.00,'permethrin cream and crotamiton',527,'2020-02-11',309),(8,221,430.00,'ibuprofen and acetaminophen',57,'2019-08-20',310),(15,395,4630.00,'cidofovir and ribavirin',880,'2019-11-25',311),(5,172,4060.00,'ibuprofen',890,'2019-08-24',312),(1,272,4020.00,'paracetamol',79,'2019-10-08',313),(10,361,4270.00,'ibuprofen and acetaminophen',964,'2019-08-12',314),(10,10,380.00,'gamastan s/d',664,'2020-01-05',315),(13,25,2080.00,'ibuprofen and acetaminophen',719,'2019-12-24',316),(4,16,3440.00,'cidofovir and ribavirin',89,'2019-12-05',317),(18,120,180.00,'paracetamol',551,'2019-06-26',318),(3,244,3690.00,'warfarin aspirin and aggrenox',454,'2019-08-31',319),(18,121,750.00,'ursodiol',747,'2019-08-07',320),(3,15,3360.00,'ibuprofen',136,'2019-06-07',321),(10,270,2750.00,'cetirizine',335,'2020-04-23',322),(7,396,2650.00,'paracetamol',622,'2019-09-19',323),(16,302,1160.00,'acyclovir and privigen',807,'2020-01-04',324),(20,222,1410.00,'permethrin cream and crotamiton',34,'2019-09-25',325),(20,328,2440.00,'gamastan s/d',6,'2020-01-13',326),(10,48,3010.00,'acyclovir and privigen',56,'2019-11-24',327),(1,369,4490.00,'gamastan s/d',390,'2019-09-11',328),(4,151,2780.00,'acyclovir and privigen',203,'2020-03-08',329),(12,126,5000.00,'azithromycin and doxycycline',811,'2019-05-09',330),(19,153,4030.00,'ibuprofen and acetaminophen',301,'2020-02-12',331),(6,336,4200.00,'acyclovir and privigen',997,'2019-12-04',332),(11,45,2260.00,'paracetamol',243,'2019-08-12',333),(11,219,1430.00,'gamastan s/d',283,'2019-05-21',334),(12,246,2690.00,'cetirizine',695,'2020-01-12',335),(19,218,1540.00,'paracetamol',778,'2019-07-25',336),(5,62,220.00,'permethrin cream and crotamiton',104,'2019-07-01',337),(5,271,4700.00,'ibuprofen',232,'2019-06-19',338),(9,291,3670.00,'ibuprofen and acetaminophen',966,'2019-11-16',339),(14,372,4980.00,'tamiflu and relenza',122,'2019-07-09',340),(9,207,4520.00,'moxifloxacin and erythromycin',590,'2019-08-28',341),(10,169,4550.00,'tamiflu and relenza',377,'2019-04-27',342),(6,211,2610.00,'permethrin cream and crotamiton',738,'2019-06-05',343),(7,350,3200.00,'ibuprofen and acetaminophen',510,'2019-07-06',344),(4,221,280.00,'permethrin cream and crotamiton',452,'2019-10-28',345),(5,29,1380.00,'ibuprofen and acetaminophen',380,'2019-05-06',346),(11,260,4470.00,'cidofovir and ribavirin',309,'2020-04-23',347),(5,345,1010.00,'cetirizine',797,'2019-11-03',348),(10,373,2530.00,'paracetamol',751,'2020-01-12',349),(18,243,1640.00,'azithromycin and doxycycline',93,'2020-03-20',350),(10,273,420.00,'ibuprofen',392,'2020-02-08',351),(20,256,4720.00,'ibuprofen',244,'2020-03-11',352),(20,205,2930.00,'ibuprofen and acetaminophen',238,'2020-03-03',353),(3,127,3400.00,'ibuprofen',334,'2019-08-30',354),(4,287,3410.00,'ibuprofen',266,'2019-10-08',355),(17,69,1220.00,'acyclovir and privigen',217,'2019-08-22',356),(16,346,1350.00,'cetirizine',196,'2019-11-07',357),(1,195,170.00,'gamastan s/d',337,'2019-09-17',358),(20,37,520.00,'paracetamol',576,'2019-09-03',359),(15,126,4660.00,'ibuprofen',810,'2020-01-19',360),(2,261,4060.00,'azithromycin and doxycycline',186,'2019-11-04',361),(12,207,4440.00,'tamiflu and relenza',590,'2019-10-15',362),(14,71,4980.00,'paracetamol',107,'2019-05-01',363),(11,207,4230.00,'moxifloxacin and erythromycin',344,'2019-06-16',364),(18,35,1450.00,'tamiflu and relenza',185,'2019-07-30',365),(16,10,2550.00,'cetirizine',899,'2019-10-29',366),(14,188,920.00,'moxifloxacin and erythromycin',967,'2020-02-28',367),(4,46,3020.00,'ursodiol',280,'2019-11-11',368),(14,204,3160.00,'cidofovir and ribavirin',793,'2019-05-29',369),(12,68,1260.00,'paracetamol',568,'2019-10-18',370),(18,41,3940.00,'warfarin aspirin and aggrenox',801,'2019-10-14',371),(12,170,4870.00,'cetirizine',605,'2019-07-15',372),(19,313,4600.00,'warfarin aspirin and aggrenox',317,'2019-07-24',373),(7,138,4040.00,'azithromycin and doxycycline',946,'2020-04-16',374),(7,16,3130.00,'gamastan s/d',89,'2019-05-15',375),(6,330,590.00,'permethrin cream and crotamiton',274,'2019-07-02',376),(18,196,1500.00,'ursodiol',31,'2020-03-27',377),(19,188,4540.00,'azithromycin and doxycycline',967,'2020-01-16',378),(3,169,960.00,'cetirizine',295,'2019-09-13',379),(8,41,1660.00,'gamastan s/d',417,'2020-01-07',380),(4,381,1700.00,'azithromycin and ceftriaxone',651,'2019-05-28',381),(6,199,4320.00,'ibuprofen',621,'2019-07-02',382),(17,331,2000.00,'ibuprofen',204,'2019-10-09',383),(17,327,4120.00,'paracetamol',202,'2019-08-04',384),(19,199,130.00,'moxifloxacin and erythromycin',207,'2019-11-21',385),(7,337,3080.00,'moxifloxacin and erythromycin',491,'2019-10-26',386),(1,88,1670.00,'ibuprofen',566,'2019-10-10',387),(16,209,3320.00,'tamiflu and relenza',20,'2019-10-26',388),(4,178,690.00,'gamastan s/d',909,'2019-07-19',389),(7,136,2550.00,'azithromycin and doxycycline',73,'2019-09-24',390),(11,366,420.00,'paracetamol',666,'2019-10-22',391),(2,27,690.00,'azithromycin and ceftriaxone',261,'2020-01-16',392),(11,133,790.00,'ibuprofen',984,'2019-09-29',393),(11,260,1890.00,'cidofovir and ribavirin',728,'2020-01-07',394),(13,327,510.00,'permethrin cream and crotamiton',921,'2020-03-21',395),(6,127,4430.00,'cidofovir and ribavirin',501,'2019-08-21',396),(3,60,3770.00,'azithromycin and doxycycline',310,'2019-07-12',397),(1,34,1800.00,'acyclovir and privigen',518,'2019-12-11',398),(15,369,2960.00,'ibuprofen and acetaminophen',390,'2019-12-29',399),(18,364,5000.00,'ibuprofen',157,'2020-03-28',400),(17,192,1910.00,'ursodiol',868,'2019-08-27',401),(6,10,2390.00,'cetirizine',899,'2019-05-03',402),(19,310,3250.00,'ibuprofen',598,'2019-09-27',403),(11,258,4770.00,'azithromycin and ceftriaxone',130,'2020-02-28',404),(1,32,1590.00,'cetirizine',339,'2020-02-22',405),(13,136,340.00,'ibuprofen',488,'2019-07-03',406),(6,71,970.00,'acyclovir and privigen',538,'2019-10-08',407),(4,150,3730.00,'azithromycin and doxycycline',213,'2019-11-23',408),(8,47,4140.00,'moxifloxacin and erythromycin',649,'2020-02-15',409),(15,89,4230.00,'azithromycin and doxycycline',92,'2019-09-15',410),(10,205,3430.00,'azithromycin and ceftriaxone',109,'2019-08-10',411),(2,64,3750.00,'warfarin aspirin and aggrenox',331,'2019-08-04',412),(13,23,3080.00,'ibuprofen and acetaminophen',414,'2019-11-30',413),(15,28,4440.00,'azithromycin and ceftriaxone',171,'2019-11-12',414),(16,350,3260.00,'gamastan s/d',715,'2019-12-23',415),(18,44,2650.00,'moxifloxacin and erythromycin',900,'2020-04-17',416),(19,45,4450.00,'acyclovir and privigen',243,'2020-03-16',417),(2,313,990.00,'tamiflu and relenza',317,'2019-11-15',418),(20,225,1190.00,'azithromycin and ceftriaxone',408,'2020-04-22',419),(6,35,4380.00,'ibuprofen',565,'2019-04-27',420),(14,78,1100.00,'ibuprofen and acetaminophen',602,'2019-04-24',421),(4,107,1570.00,'ursodiol',475,'2019-12-02',422),(7,37,2940.00,'ibuprofen',399,'2019-07-23',423),(13,260,3050.00,'moxifloxacin and erythromycin',422,'2020-04-17',424),(16,199,540.00,'moxifloxacin and erythromycin',207,'2019-07-08',425),(17,14,1010.00,'ibuprofen and acetaminophen',827,'2019-10-01',426),(7,370,3070.00,'azithromycin and doxycycline',556,'2020-04-12',427),(3,281,270.00,'paracetamol',373,'2019-09-28',428),(8,150,520.00,'ursodiol',652,'2020-03-13',429),(16,278,1640.00,'permethrin cream and crotamiton',546,'2020-03-10',430),(9,212,1240.00,'permethrin cream and crotamiton',571,'2019-06-22',431),(10,154,2130.00,'moxifloxacin and erythromycin',630,'2020-04-23',432),(8,192,1710.00,'permethrin cream and crotamiton',868,'2019-10-03',433),(20,42,4990.00,'ibuprofen',733,'2019-10-12',434),(20,52,3000.00,'ursodiol',661,'2020-02-24',435),(1,11,3050.00,'ibuprofen',740,'2019-05-31',436),(19,87,3660.00,'gamastan s/d',206,'2020-01-28',437),(19,330,3680.00,'tamiflu and relenza',742,'2020-03-28',438),(14,107,370.00,'acyclovir and privigen',281,'2019-08-12',439),(3,274,1130.00,'ursodiol',439,'2019-10-10',440),(19,19,4640.00,'moxifloxacin and erythromycin',158,'2019-05-14',441),(13,209,4850.00,'cetirizine',676,'2020-03-13',442),(6,210,1370.00,'ursodiol',112,'2019-09-14',443),(4,391,3740.00,'warfarin aspirin and aggrenox',117,'2019-09-08',444),(19,8,290.00,'gamastan s/d',730,'2019-11-29',445),(14,208,1690.00,'moxifloxacin and erythromycin',127,'2020-04-14',446),(2,160,750.00,'ibuprofen',663,'2019-10-13',447),(20,225,2010.00,'azithromycin and doxycycline',989,'2019-10-19',448),(7,22,390.00,'cidofovir and ribavirin',631,'2019-06-29',449),(16,6,1190.00,'cetirizine',787,'2019-09-11',450),(6,295,3930.00,'ibuprofen and acetaminophen',355,'2019-10-24',451),(9,199,2130.00,'permethrin cream and crotamiton',621,'2019-05-10',452),(15,181,4080.00,'paracetamol',61,'2020-02-12',453),(19,24,3910.00,'warfarin aspirin and aggrenox',465,'2019-12-29',454),(10,140,560.00,'azithromycin and ceftriaxone',898,'2020-03-03',455),(20,264,2340.00,'gamastan s/d',367,'2019-06-06',456),(18,386,3680.00,'cetirizine',129,'2019-05-27',457),(20,21,3790.00,'permethrin cream and crotamiton',191,'2020-04-15',458),(4,345,2700.00,'acyclovir and privigen',141,'2019-11-01',459),(20,127,2760.00,'acyclovir and privigen',318,'2019-08-16',460),(7,81,1580.00,'cidofovir and ribavirin',135,'2020-03-07',461),(17,222,230.00,'cetirizine',34,'2020-02-25',462),(18,205,4160.00,'permethrin cream and crotamiton',896,'2020-01-24',463),(14,158,2870.00,'acyclovir and privigen',685,'2019-11-09',464),(11,370,2190.00,'cetirizine',409,'2019-06-06',465),(11,337,2250.00,'ursodiol',826,'2019-09-01',466),(5,217,210.00,'tamiflu and relenza',106,'2019-08-30',467),(8,300,430.00,'tamiflu and relenza',886,'2019-11-29',468),(13,32,4660.00,'ibuprofen',33,'2020-04-18',469),(8,316,4820.00,'azithromycin and ceftriaxone',292,'2020-04-05',470),(2,212,1110.00,'acyclovir and privigen',571,'2019-10-08',471),(16,146,2710.00,'ursodiol',924,'2020-02-03',472),(19,45,2310.00,'azithromycin and doxycycline',11,'2019-10-09',473),(15,38,970.00,'ibuprofen',796,'2019-12-07',474),(3,172,4180.00,'ibuprofen and acetaminophen',434,'2020-04-04',475),(12,369,3770.00,'warfarin aspirin and aggrenox',734,'2019-07-02',476),(12,154,2310.00,'permethrin cream and crotamiton',630,'2019-05-03',477),(6,157,2280.00,'ibuprofen and acetaminophen',234,'2019-12-05',478),(18,309,3940.00,'permethrin cream and crotamiton',364,'2019-05-03',479),(10,212,1030.00,'tamiflu and relenza',814,'2019-11-05',480),(19,234,4630.00,'paracetamol',247,'2019-08-12',481),(13,119,4150.00,'ibuprofen',706,'2019-05-12',482),(20,393,2090.00,'cetirizine',852,'2019-07-10',483),(10,10,330.00,'ibuprofen',899,'2019-06-07',484),(15,69,1480.00,'cidofovir and ribavirin',110,'2020-03-11',485),(8,349,130.00,'ibuprofen',707,'2020-03-28',486),(14,313,2650.00,'ursodiol',317,'2020-02-08',487),(20,309,820.00,'warfarin aspirin and aggrenox',264,'2019-09-27',488),(5,19,410.00,'acyclovir and privigen',158,'2020-02-16',489),(3,73,2350.00,'ursodiol',873,'2019-06-27',490),(19,324,2800.00,'cidofovir and ribavirin',620,'2020-02-12',491),(16,35,4240.00,'cetirizine',205,'2019-05-24',492),(8,389,3130.00,'acyclovir and privigen',736,'2019-07-04',493),(17,268,2730.00,'paracetamol',486,'2019-08-02',494),(10,386,740.00,'acyclovir and privigen',298,'2020-01-03',495),(8,366,3270.00,'tamiflu and relenza',25,'2019-08-06',496),(17,75,4420.00,'ibuprofen',193,'2019-11-11',497),(10,199,2940.00,'ibuprofen',621,'2019-07-27',498),(11,278,670.00,'ibuprofen',892,'2019-09-19',499),(1,33,390.00,'permethrin cream and crotamiton',935,'2019-09-01',500),(8,92,790.00,'tamiflu and relenza',854,'2019-11-16',501),(1,138,3680.00,'moxifloxacin and erythromycin',403,'2019-08-07',502),(18,137,590.00,'cidofovir and ribavirin',589,'2020-02-09',503),(13,306,2430.00,'ibuprofen and acetaminophen',345,'2019-11-30',504),(14,369,1270.00,'warfarin aspirin and aggrenox',27,'2019-08-01',505),(6,195,1140.00,'tamiflu and relenza',834,'2019-09-13',506),(13,397,820.00,'azithromycin and ceftriaxone',329,'2019-08-23',507),(19,10,2410.00,'moxifloxacin and erythromycin',899,'2019-11-05',508),(20,255,2480.00,'tamiflu and relenza',869,'2019-06-05',509),(12,386,1850.00,'acyclovir and privigen',129,'2019-12-25',510),(17,324,2350.00,'cetirizine',65,'2020-02-09',511),(18,11,380.00,'cetirizine',450,'2019-06-12',512),(5,88,3300.00,'cetirizine',197,'2019-07-30',513),(6,193,1890.00,'acyclovir and privigen',815,'2019-06-17',514),(15,174,3370.00,'ibuprofen',294,'2019-05-20',515),(10,369,2110.00,'azithromycin and ceftriaxone',390,'2019-12-28',516),(7,316,640.00,'azithromycin and doxycycline',292,'2020-01-08',517),(17,350,2980.00,'cetirizine',510,'2019-10-29',518),(3,278,3310.00,'permethrin cream and crotamiton',546,'2020-02-16',519),(10,91,3040.00,'ursodiol',558,'2020-01-23',520),(19,6,480.00,'azithromycin and doxycycline',885,'2019-04-24',521),(7,302,3840.00,'ibuprofen and acetaminophen',807,'2019-07-14',522),(6,117,540.00,'gamastan s/d',775,'2019-12-06',523),(7,212,3060.00,'cidofovir and ribavirin',814,'2019-09-19',524),(1,315,1410.00,'acyclovir and privigen',349,'2019-12-10',525),(11,265,150.00,'paracetamol',803,'2019-12-31',526),(12,357,110.00,'moxifloxacin and erythromycin',220,'2019-07-03',527),(10,392,260.00,'ursodiol',819,'2019-06-10',528),(8,98,2880.00,'gamastan s/d',645,'2020-02-29',529),(14,96,1350.00,'ibuprofen',748,'2020-04-11',530),(7,205,3190.00,'ibuprofen',865,'2019-10-11',531),(10,67,1230.00,'ibuprofen',222,'2020-02-01',532),(1,29,4110.00,'permethrin cream and crotamiton',380,'2019-06-23',533),(2,80,630.00,'warfarin aspirin and aggrenox',360,'2019-12-01',534),(19,212,1930.00,'ursodiol',571,'2020-04-03',535),(2,353,4870.00,'acyclovir and privigen',60,'2019-07-28',536),(15,211,1660.00,'moxifloxacin and erythromycin',738,'2019-06-23',537),(5,213,3240.00,'ibuprofen',824,'2019-11-16',538),(4,356,760.00,'permethrin cream and crotamiton',897,'2020-04-12',539),(18,94,3120.00,'azithromycin and ceftriaxone',199,'2020-03-17',540),(2,373,2190.00,'ibuprofen',688,'2019-07-17',541),(16,312,2450.00,'azithromycin and ceftriaxone',498,'2019-11-05',542),(7,222,860.00,'cidofovir and ribavirin',34,'2019-05-04',543),(14,332,4560.00,'paracetamol',308,'2020-04-02',544),(13,320,770.00,'paracetamol',977,'2019-11-30',545),(6,136,1800.00,'gamastan s/d',73,'2019-07-13',546),(8,245,510.00,'cetirizine',749,'2019-12-19',547),(5,37,3520.00,'permethrin cream and crotamiton',798,'2019-11-15',548),(2,146,3530.00,'cidofovir and ribavirin',278,'2019-12-30',549),(5,299,1260.00,'ursodiol',908,'2020-02-05',550),(20,74,4500.00,'cidofovir and ribavirin',548,'2019-07-22',551),(16,338,2370.00,'azithromycin and doxycycline',99,'2020-02-25',552),(7,35,2040.00,'azithromycin and ceftriaxone',351,'2019-07-21',553),(3,72,4400.00,'paracetamol',446,'2019-07-09',554),(16,333,4660.00,'cetirizine',284,'2020-02-10',555),(6,226,1190.00,'azithromycin and ceftriaxone',95,'2020-04-21',556),(13,107,3600.00,'gamastan s/d',475,'2020-01-30',557),(3,276,4340.00,'permethrin cream and crotamiton',774,'2019-05-29',558),(9,268,260.00,'permethrin cream and crotamiton',236,'2019-12-03',559),(14,309,2640.00,'ibuprofen',108,'2020-01-16',560),(5,191,4040.00,'azithromycin and ceftriaxone',582,'2019-05-28',561),(16,315,3960.00,'paracetamol',35,'2020-01-24',562),(12,70,240.00,'ibuprofen and acetaminophen',673,'2019-08-26',563),(9,67,3250.00,'ibuprofen',660,'2019-08-31',564),(13,127,4880.00,'ibuprofen',255,'2020-01-24',565),(11,169,2120.00,'tamiflu and relenza',377,'2019-11-14',566),(15,381,2000.00,'ibuprofen',651,'2019-08-08',567),(3,110,2970.00,'azithromycin and ceftriaxone',725,'2019-09-28',568),(6,392,4240.00,'cetirizine',819,'2019-12-30',569),(5,243,2720.00,'paracetamol',30,'2020-04-10',570),(6,195,4900.00,'ibuprofen',834,'2019-08-14',571),(13,364,2030.00,'azithromycin and ceftriaxone',157,'2020-01-17',572),(9,357,1280.00,'ursodiol',679,'2019-05-23',573),(19,337,700.00,'paracetamol',595,'2019-07-04',574),(14,102,4990.00,'moxifloxacin and erythromycin',847,'2020-02-11',575),(20,172,3580.00,'azithromycin and doxycycline',434,'2019-11-26',576),(5,162,930.00,'ibuprofen',120,'2020-02-24',577),(14,353,4780.00,'ursodiol',686,'2020-02-17',578),(9,140,1140.00,'paracetamol',36,'2019-12-30',579),(1,339,790.00,'permethrin cream and crotamiton',990,'2020-04-23',580),(18,159,4280.00,'permethrin cream and crotamiton',611,'2019-08-18',581),(2,158,3680.00,'tamiflu and relenza',340,'2019-07-17',582),(9,217,2110.00,'azithromycin and ceftriaxone',55,'2019-09-16',583),(2,207,1300.00,'azithromycin and doxycycline',152,'2019-05-16',584),(15,382,2940.00,'cetirizine',188,'2019-08-05',585),(5,222,4920.00,'ibuprofen',323,'2019-09-11',586),(5,389,2010.00,'moxifloxacin and erythromycin',736,'2019-11-20',587),(5,119,3950.00,'cetirizine',829,'2020-01-16',588),(11,263,1500.00,'paracetamol',289,'2020-03-30',589),(3,390,1820.00,'ursodiol',495,'2020-02-10',590),(16,390,4900.00,'ibuprofen and acetaminophen',413,'2019-11-01',591),(11,294,4920.00,'acyclovir and privigen',254,'2019-07-11',592),(13,351,830.00,'acyclovir and privigen',806,'2019-09-28',593),(13,92,4420.00,'acyclovir and privigen',705,'2019-07-12',594),(20,380,2620.00,'azithromycin and doxycycline',981,'2019-05-21',595),(18,337,1850.00,'ibuprofen',383,'2019-07-15',596),(18,288,3310.00,'gamastan s/d',288,'2019-11-13',597),(16,324,620.00,'ursodiol',620,'2019-08-25',598),(10,2,1360.00,'acyclovir and privigen',404,'2019-09-15',599),(18,81,3540.00,'azithromycin and doxycycline',5,'2019-09-04',600),(13,19,1010.00,'ibuprofen and acetaminophen',985,'2019-08-16',601),(19,29,4910.00,'warfarin aspirin and aggrenox',639,'2019-07-27',602),(13,120,1300.00,'azithromycin and ceftriaxone',223,'2019-11-05',603),(15,83,2310.00,'acyclovir and privigen',746,'2019-09-02',604),(11,189,2960.00,'tamiflu and relenza',641,'2020-04-23',605),(1,274,1470.00,'ibuprofen',790,'2020-02-26',606),(10,134,3990.00,'ibuprofen',18,'2020-04-09',607),(17,16,2790.00,'ibuprofen',540,'2019-08-22',608),(20,264,1080.00,'warfarin aspirin and aggrenox',139,'2019-07-20',609),(5,335,2170.00,'cetirizine',420,'2019-11-21',610),(1,222,4130.00,'cidofovir and ribavirin',34,'2020-02-22',611),(19,395,2360.00,'ursodiol',424,'2020-04-04',612),(12,307,3050.00,'paracetamol',231,'2019-11-18',613),(2,339,790.00,'ibuprofen',608,'2019-12-31',614),(11,329,950.00,'warfarin aspirin and aggrenox',421,'2019-08-04',615),(3,339,1490.00,'paracetamol',153,'2020-03-02',616),(16,221,490.00,'azithromycin and doxycycline',242,'2019-08-02',617),(5,228,1340.00,'cetirizine',494,'2020-01-13',618),(20,336,220.00,'cetirizine',303,'2020-04-06',619),(20,227,2280.00,'ibuprofen',478,'2019-10-21',620),(19,29,1880.00,'ibuprofen and acetaminophen',148,'2019-06-04',621),(10,396,3350.00,'azithromycin and ceftriaxone',622,'2020-03-03',622),(6,214,1400.00,'cidofovir and ribavirin',78,'2019-07-25',623),(4,176,250.00,'azithromycin and doxycycline',315,'2020-02-07',624),(18,366,3200.00,'cetirizine',816,'2020-03-30',625),(14,337,1870.00,'azithromycin and doxycycline',491,'2020-03-17',626),(5,191,520.00,'acyclovir and privigen',385,'2019-09-01',627),(19,369,1510.00,'ibuprofen',290,'2020-02-28',628),(13,52,1330.00,'paracetamol',550,'2019-05-12',629),(2,10,4730.00,'ibuprofen',484,'2019-09-17',630),(20,210,4470.00,'gamastan s/d',665,'2019-09-08',631),(18,300,1920.00,'warfarin aspirin and aggrenox',114,'2019-06-09',632),(3,197,2150.00,'azithromycin and doxycycline',711,'2020-03-03',633),(18,250,1270.00,'azithromycin and ceftriaxone',2,'2019-06-22',634),(15,180,2860.00,'cetirizine',861,'2019-10-17',635),(6,320,130.00,'gamastan s/d',858,'2019-07-21',636),(3,389,2910.00,'tamiflu and relenza',855,'2019-11-15',637),(10,16,290.00,'ibuprofen',540,'2019-10-10',638),(8,53,1810.00,'cidofovir and ribavirin',151,'2020-02-24',639),(9,225,2670.00,'gamastan s/d',160,'2020-01-25',640),(14,260,4670.00,'moxifloxacin and erythromycin',728,'2019-06-15',641),(9,252,3900.00,'acyclovir and privigen',356,'2019-10-26',642),(18,92,1470.00,'azithromycin and ceftriaxone',854,'2020-04-21',643),(7,206,4930.00,'moxifloxacin and erythromycin',513,'2019-09-17',644),(5,6,1620.00,'azithromycin and doxycycline',885,'2020-03-06',645),(14,246,2000.00,'ibuprofen',779,'2019-07-22',646),(18,29,4460.00,'tamiflu and relenza',148,'2019-09-30',647),(19,337,4920.00,'paracetamol',383,'2019-04-28',648),(20,274,1940.00,'gamastan s/d',729,'2020-03-07',649),(3,31,2180.00,'ibuprofen',628,'2019-09-15',650),(3,240,3240.00,'ibuprofen',341,'2020-03-28',651),(17,119,4750.00,'paracetamol',759,'2020-01-12',652),(16,195,1630.00,'gamastan s/d',615,'2020-01-30',653),(5,354,450.00,'gamastan s/d',768,'2020-04-21',654),(18,16,4320.00,'permethrin cream and crotamiton',240,'2019-04-27',655),(14,393,890.00,'gamastan s/d',852,'2019-10-07',656),(8,260,2140.00,'ibuprofen',904,'2020-03-08',657),(12,191,3790.00,'moxifloxacin and erythromycin',385,'2019-06-01',658),(6,54,2330.00,'ursodiol',271,'2019-09-22',659),(4,16,3250.00,'ursodiol',97,'2019-05-31',660),(17,97,3240.00,'azithromycin and ceftriaxone',300,'2020-02-29',661),(4,207,3020.00,'acyclovir and privigen',653,'2019-12-08',662),(13,218,880.00,'paracetamol',593,'2019-08-08',663),(3,369,2640.00,'ibuprofen',390,'2019-12-27',664),(16,298,2870.00,'warfarin aspirin and aggrenox',575,'2020-03-17',665),(13,241,2380.00,'azithromycin and ceftriaxone',951,'2020-03-09',666),(20,299,2070.00,'cetirizine',908,'2019-09-06',667),(7,82,1560.00,'cetirizine',739,'2020-02-17',668),(8,379,610.00,'moxifloxacin and erythromycin',332,'2019-12-17',669),(14,207,260.00,'cetirizine',592,'2019-10-10',670),(14,248,2900.00,'cidofovir and ribavirin',375,'2019-09-28',671),(20,45,4690.00,'ibuprofen and acetaminophen',11,'2019-12-19',672),(20,27,4500.00,'ibuprofen and acetaminophen',812,'2020-04-21',673),(9,391,2980.00,'acyclovir and privigen',117,'2020-03-14',674),(5,259,980.00,'ibuprofen',789,'2020-02-03',675),(2,389,2330.00,'cidofovir and ribavirin',969,'2019-07-10',676),(6,205,280.00,'moxifloxacin and erythromycin',896,'2020-01-23',677),(2,260,1680.00,'cetirizine',624,'2019-12-24',678),(19,340,2070.00,'ibuprofen',13,'2019-10-17',679),(14,99,3550.00,'tamiflu and relenza',311,'2019-05-14',680),(9,69,1160.00,'cetirizine',217,'2019-04-28',681),(11,24,250.00,'acyclovir and privigen',374,'2019-08-30',682),(3,97,3670.00,'permethrin cream and crotamiton',553,'2019-10-01',683),(7,11,1560.00,'ibuprofen and acetaminophen',740,'2019-08-03',684),(10,302,1230.00,'paracetamol',443,'2020-01-16',685),(14,365,1830.00,'ibuprofen',646,'2019-07-28',686),(9,92,280.00,'paracetamol',705,'2019-05-11',687),(3,356,4880.00,'ibuprofen',897,'2019-10-30',688),(12,257,4270.00,'ursodiol',683,'2019-10-30',689),(11,99,2360.00,'cidofovir and ribavirin',131,'2019-05-11',690),(16,245,1110.00,'gamastan s/d',629,'2020-01-29',691),(9,26,1280.00,'cidofovir and ribavirin',481,'2020-01-06',692),(10,244,1690.00,'ibuprofen',454,'2019-10-17',693),(11,53,4890.00,'gamastan s/d',151,'2019-11-13',694),(9,379,690.00,'gamastan s/d',604,'2019-04-29',695),(5,324,3580.00,'ibuprofen',893,'2019-08-15',696),(15,69,3080.00,'azithromycin and ceftriaxone',217,'2020-02-17',697),(13,373,1050.00,'moxifloxacin and erythromycin',688,'2019-06-04',698),(15,329,3120.00,'warfarin aspirin and aggrenox',933,'2020-03-19',699),(10,344,2160.00,'cidofovir and ribavirin',965,'2019-12-11',700),(17,240,960.00,'ibuprofen',269,'2019-09-07',701),(13,19,2090.00,'permethrin cream and crotamiton',839,'2019-05-27',702),(1,216,4560.00,'ibuprofen',336,'2019-07-17',703),(7,317,3460.00,'paracetamol',919,'2019-10-05',704),(10,170,4140.00,'acyclovir and privigen',800,'2019-05-14',705),(14,358,3260.00,'ibuprofen',40,'2020-04-14',706),(7,324,2040.00,'acyclovir and privigen',65,'2019-10-25',707),(15,22,4140.00,'cidofovir and ribavirin',541,'2020-02-09',708),(18,324,1800.00,'tamiflu and relenza',65,'2019-08-05',709),(7,68,2920.00,'acyclovir and privigen',999,'2020-01-19',710),(16,14,1470.00,'ibuprofen',766,'2019-05-02',711),(20,70,1330.00,'ibuprofen and acetaminophen',38,'2019-12-30',712),(5,95,1350.00,'cetirizine',625,'2020-03-08',713),(4,217,1630.00,'ursodiol',146,'2019-06-15',714),(14,220,1560.00,'ibuprofen and acetaminophen',187,'2020-01-08',715),(7,257,2260.00,'gamastan s/d',175,'2019-07-06',716),(8,146,4790.00,'cetirizine',992,'2020-02-19',717),(14,344,120.00,'azithromycin and doxycycline',825,'2020-02-19',718),(12,300,1970.00,'azithromycin and ceftriaxone',836,'2019-10-19',719),(19,350,3160.00,'warfarin aspirin and aggrenox',485,'2020-01-04',720),(11,256,4930.00,'azithromycin and doxycycline',244,'2020-02-01',721),(1,67,1760.00,'acyclovir and privigen',660,'2019-05-03',722),(11,301,4550.00,'acyclovir and privigen',559,'2019-05-09',723),(13,366,4390.00,'ibuprofen and acetaminophen',499,'2020-01-20',724),(3,100,660.00,'warfarin aspirin and aggrenox',720,'2020-02-24',725),(6,155,2480.00,'acyclovir and privigen',948,'2019-09-28',726),(16,250,4860.00,'warfarin aspirin and aggrenox',2,'2020-02-10',727),(5,94,260.00,'ursodiol',199,'2019-08-18',728),(12,196,2760.00,'warfarin aspirin and aggrenox',124,'2019-11-22',729),(16,265,350.00,'gamastan s/d',412,'2019-06-24',730),(19,156,4900.00,'azithromycin and doxycycline',662,'2019-07-18',731),(10,82,2700.00,'paracetamol',58,'2019-09-16',732),(5,183,2010.00,'gamastan s/d',573,'2019-08-24',733),(10,47,4130.00,'gamastan s/d',649,'2019-08-17',734),(1,69,1970.00,'warfarin aspirin and aggrenox',217,'2019-06-04',735),(2,327,3430.00,'ibuprofen',202,'2019-08-15',736),(18,50,2400.00,'azithromycin and ceftriaxone',379,'2019-08-16',737),(8,342,3210.00,'paracetamol',51,'2019-04-29',738),(18,117,1730.00,'cetirizine',432,'2020-03-07',739),(4,373,4030.00,'ursodiol',751,'2019-11-15',740),(13,365,1580.00,'cidofovir and ribavirin',646,'2020-01-30',741),(13,32,410.00,'gamastan s/d',339,'2019-06-08',742),(18,144,4150.00,'ibuprofen',293,'2019-05-02',743),(4,157,2740.00,'ibuprofen',406,'2020-01-14',744),(14,121,3320.00,'ibuprofen',747,'2019-11-21',745),(3,19,1390.00,'ibuprofen',839,'2019-11-18',746),(15,346,3530.00,'gamastan s/d',196,'2019-05-12',747),(9,386,2540.00,'warfarin aspirin and aggrenox',129,'2020-03-23',748),(1,260,1400.00,'cetirizine',941,'2019-12-07',749),(7,131,2850.00,'ibuprofen',697,'2019-07-27',750),(12,2,390.00,'azithromycin and ceftriaxone',712,'2019-12-06',751),(11,88,2250.00,'azithromycin and ceftriaxone',197,'2019-10-27',752),(19,385,3610.00,'acyclovir and privigen',338,'2019-09-16',753),(20,158,3220.00,'acyclovir and privigen',685,'2019-05-22',754),(7,392,1860.00,'permethrin cream and crotamiton',866,'2019-11-04',755),(12,323,1800.00,'tamiflu and relenza',208,'2019-05-02',756),(11,71,3900.00,'azithromycin and doxycycline',538,'2019-06-30',757),(2,101,4840.00,'acyclovir and privigen',41,'2019-07-16',758),(20,115,260.00,'azithromycin and doxycycline',507,'2019-08-23',759),(10,228,4470.00,'permethrin cream and crotamiton',494,'2019-12-28',760),(3,29,3220.00,'ibuprofen',380,'2020-02-17',761),(2,210,2410.00,'cidofovir and ribavirin',250,'2020-03-17',762),(19,339,1990.00,'permethrin cream and crotamiton',990,'2019-09-21',763),(15,125,3660.00,'moxifloxacin and erythromycin',976,'2020-02-11',764),(19,212,230.00,'azithromycin and doxycycline',82,'2019-11-19',765),(8,295,2450.00,'permethrin cream and crotamiton',355,'2019-07-05',766),(18,119,2340.00,'azithromycin and ceftriaxone',983,'2019-11-03',767),(16,348,2150.00,'azithromycin and ceftriaxone',419,'2019-08-04',768),(5,158,3900.00,'ibuprofen',24,'2019-04-25',769),(12,163,530.00,'moxifloxacin and erythromycin',218,'2019-12-15',770),(5,53,3120.00,'azithromycin and doxycycline',151,'2020-02-25',771),(12,330,880.00,'ibuprofen and acetaminophen',274,'2020-04-18',772),(11,157,600.00,'ursodiol',406,'2020-02-25',773),(5,259,440.00,'ibuprofen and acetaminophen',789,'2020-04-18',774),(17,256,3540.00,'warfarin aspirin and aggrenox',244,'2020-03-28',775),(1,288,3140.00,'cidofovir and ribavirin',939,'2020-01-03',776),(3,339,4040.00,'moxifloxacin and erythromycin',153,'2020-01-08',777),(5,371,560.00,'ibuprofen',156,'2019-05-18',778),(13,263,3030.00,'cidofovir and ribavirin',289,'2020-04-18',779),(8,250,1220.00,'azithromycin and ceftriaxone',2,'2019-07-12',780),(3,373,890.00,'ibuprofen',416,'2020-01-30',781),(15,125,2790.00,'moxifloxacin and erythromycin',54,'2019-05-31',782),(6,7,860.00,'permethrin cream and crotamiton',710,'2020-03-03',783),(11,44,1210.00,'ibuprofen',275,'2019-08-14',784),(11,115,2890.00,'tamiflu and relenza',347,'2020-03-20',785),(12,358,3770.00,'acyclovir and privigen',532,'2019-11-17',786),(18,219,4780.00,'ibuprofen and acetaminophen',283,'2019-11-14',787),(20,389,350.00,'cidofovir and ribavirin',855,'2019-07-20',788),(4,348,570.00,'ibuprofen',419,'2020-02-12',789),(11,274,2670.00,'ibuprofen and acetaminophen',790,'2019-06-19',790),(16,29,4070.00,'gamastan s/d',639,'2020-03-13',791),(4,274,3620.00,'gamastan s/d',790,'2019-10-13',792),(13,381,2490.00,'ibuprofen',46,'2020-04-03',793),(8,327,2830.00,'azithromycin and ceftriaxone',921,'2020-03-16',794),(20,369,290.00,'paracetamol',176,'2019-08-22',795),(11,17,3840.00,'ibuprofen and acetaminophen',438,'2019-11-13',796),(15,276,210.00,'permethrin cream and crotamiton',22,'2019-11-03',797),(20,130,2640.00,'permethrin cream and crotamiton',940,'2019-05-04',798),(3,246,4720.00,'paracetamol',695,'2020-02-10',799),(14,356,1060.00,'moxifloxacin and erythromycin',897,'2019-05-26',800);
/*!40000 ALTER TABLE `payments_of_medicines` ENABLE KEYS */;
UNLOCK TABLES;

--
-- Table structure for table `pharmacies`
--

DROP TABLE IF EXISTS `pharmacies`;
/*!40101 SET @saved_cs_client     = @@character_set_client */;
/*!50503 SET character_set_client = utf8mb4 */;
CREATE TABLE `pharmacies` (
  `pharmacy_ID` int NOT NULL,
  `name` varchar(100) NOT NULL,
  `street_address` varchar(100) NOT NULL,
  `locality` varchar(100) NOT NULL,
  `city` varchar(100) NOT NULL,
  `state` varchar(100) NOT NULL,
  `address` varchar(200) GENERATED ALWAYS AS (concat(`street_address`,_utf8mb4', ',`locality`,_utf8mb4', ',`city`,_utf8mb4', ',`state`)) VIRTUAL NOT NULL,
  PRIMARY KEY (`pharmacy_ID`),
  KEY `index_key` (`locality`)
) ENGINE=InnoDB DEFAULT CHARSET=utf8mb4 COLLATE=utf8mb4_0900_ai_ci;
/*!40101 SET character_set_client = @saved_cs_client */;

--
-- Dumping data for table `pharmacies`
--

LOCK TABLES `pharmacies` WRITE;
/*!40000 ALTER TABLE `pharmacies` DISABLE KEYS */;
INSERT INTO `pharmacies` (`pharmacy_ID`, `name`, `street_address`, `locality`, `city`, `state`) VALUES (1,'98.4 Chemists','6 Daystar Parkway','Dhaka','Las Vegas','Nevada'),(2,'Plus Medicos','0043 Southridge Place','Narela','Erie','Pennsylvania'),(3,'Apollo Pharmacy','76 Melvin Alley','Azadpur','Lafayette','Louisiana'),(4,'Costco Pharmacies','657 Bartillon Plaza','Adarsh Nagar','Washington','District of Columbia'),(5,'Fortis Healthworld','449 Scoville Plaza','Shalimar Bagh','Flint','Michigan'),(6,'All Meds Pharmacy','5530 Crest Line Alley','Ashok Vihar','Houston','Texas'),(7,'Giant Eagle Pharmacy','134 Hayes Circle','Bawana','Hartford','Connecticut'),(8,'Navin Sons Chemists','615 Erie Lane','Narela','Pueblo','Colorado'),(9,'Rite Pharmacy','18180 Welch Hill','Ashok Vihar','Milwaukee','Wisconsin'),(10,'DFW Wellness','268 Vahlen Hill','Model Town','Newton','Massachusetts'),(11,'Envolve Health','7 Coleman Terrace','Adarsh Nagar','Palmdale','California'),(12,'Rx Pharmacy','961 Stephen Crossing','Dhaka','Madison','Wisconsin'),(13,'Foundation Care','0185 Green Ridge Street','Dhaka','Pittsburgh','Pennsylvania'),(14,'Life Line Pharmacy','24671 Dottie Center','Jahangirpuri','Arlington','Texas'),(15,'GoGo Meds','7571 Crownhardt Road','Rani Bagh','Bronx','New York'),(16,'Sachina Medicos','29830 Thackeray Hill','Kohat Enclave','Lawrenceville','Georgia'),(17,'Unjha Ayurvedic Pharmacy','3 Anderson Drive','Shalimar Bagh','Fort Lauderdale','Florida'),(18,'Warehouse HealthDirect','94052 Monument Trail','Rohini Sub City','Atlanta','Georgia'),(19,'MedImpact Medisuite','321 Melody Park','Keshav Puram','New York City','New York'),(20,'R.K.Medicos','9523 Arkansas Terrace','Rithala','Saint Petersburg','Florida');
/*!40000 ALTER TABLE `pharmacies` ENABLE KEYS */;
UNLOCK TABLES;

--
-- Dumping events for database 'pharma'
--

--
-- Dumping routines for database 'pharma'
--
/*!40103 SET TIME_ZONE=@OLD_TIME_ZONE */;

/*!40101 SET SQL_MODE=@OLD_SQL_MODE */;
/*!40014 SET FOREIGN_KEY_CHECKS=@OLD_FOREIGN_KEY_CHECKS */;
/*!40014 SET UNIQUE_CHECKS=@OLD_UNIQUE_CHECKS */;
/*!40101 SET CHARACTER_SET_CLIENT=@OLD_CHARACTER_SET_CLIENT */;
/*!40101 SET CHARACTER_SET_RESULTS=@OLD_CHARACTER_SET_RESULTS */;
/*!40101 SET COLLATION_CONNECTION=@OLD_COLLATION_CONNECTION */;
/*!40111 SET SQL_NOTES=@OLD_SQL_NOTES */;

-- Dump completed on 2023-04-20 22:27:07
